CREATE DATABASE  IF NOT EXISTS `bestbuy`;
USE `bestbuy`;

DROP TABLE IF EXISTS `departments`;
CREATE TABLE `departments` (
  `DepartmentID` int(11) NOT NULL AUTO_INCREMENT,
  `Name` varchar(45) DEFAULT NULL,
  PRIMARY KEY (`DepartmentID`),
  UNIQUE KEY `DepartmentID_UNIQUE` (`DepartmentID`)
) ENGINE=InnoDB AUTO_INCREMENT=5 DEFAULT CHARSET=latin1;

LOCK TABLES `departments` WRITE;
INSERT INTO `departments` VALUES (1,'Large Electronics'),(2,'Small Electronics'),(3,'Media'),(4,'Other');
UNLOCK TABLES;

DROP TABLE IF EXISTS `categories`;
CREATE TABLE `categories` (
  `CategoryID` int(11) NOT NULL AUTO_INCREMENT,
  `Name` varchar(45) NOT NULL,
  `DepartmentID` int(11) NOT NULL,
  PRIMARY KEY (`CategoryID`),
  UNIQUE KEY `idcategories_UNIQUE` (`CategoryID`),
  KEY `fk_departmentid_idx` (`DepartmentID`),
  CONSTRAINT `fk_departmentid` FOREIGN KEY (`DepartmentID`) REFERENCES `departments` (`DepartmentID`) ON DELETE NO ACTION ON UPDATE NO ACTION
) ENGINE=InnoDB AUTO_INCREMENT=11 DEFAULT CHARSET=latin1;

LOCK TABLES `categories` WRITE;
INSERT INTO `categories` VALUES (1,'Computers',2),(2,'Appliances',1),(3,'Phones',2),(4,'Audio',2),(5,'Home Theater',1),(6,'Printers',1),(7,'Music',3),(8,'Games',3),(9,'Services',4),(10,'Other',4);
UNLOCK TABLES;

DROP TABLE IF EXISTS `employees`;
CREATE TABLE `employees` (
  `EmployeeID` int(11) NOT NULL AUTO_INCREMENT,
  `FirstName` varchar(45) DEFAULT NULL,
  `MiddleInitial` varchar(45) DEFAULT NULL,
  `LastName` varchar(45) DEFAULT NULL,
  `EmailAddress` varchar(45) DEFAULT NULL,
  `PhoneNumber` varchar(45) DEFAULT NULL,
  `Title` varchar(45) DEFAULT NULL,
  `DateOfBirth` datetime DEFAULT NULL,
  PRIMARY KEY (`EmployeeID`),
  UNIQUE KEY `EmployeeID_UNIQUE` (`EmployeeID`)
) ENGINE=InnoDB AUTO_INCREMENT=34618 DEFAULT CHARSET=latin1;

LOCK TABLES `employees` WRITE;
INSERT INTO `employees` VALUES (32768,'Robert','E','Ahlering','robert1@notreallybestbuy.com','678-555-0175','Production Technician - WC10','1971-10-01 00:00:00'),(32769,'Marvin','N','Allen','marvin0@notreallybestbuy.com','447-555-0110','Production Technician - WC20','1972-02-04 00:00:00'),(32770,'Tom','H','Johnston','tom1@notreallybestbuy.com','883-555-0177','Production Technician - WC20','1974-12-19 00:00:00'),(32771,'Jennifer','B','Bales','jennifer0@notreallybestbuy.com','790-555-0112','Production Technician - WC45','1995-03-10 00:00:00'),(32772,'David','M','Bartness','david10@notreallybestbuy.com','1 (11) 500 555-0112','Production Technician - WC20','1992-04-02 00:00:00'),(32773,'John','M','Bennetts','john9@notreallybestbuy.com','1 (11) 500 555-0163','Production Technician - WC20','1977-01-01 00:00:00'),(32774,'Robert','M','Bernacchi','robert4@notreallybestbuy.com','449-555-0176','Production Technician - WC40','1998-12-28 00:00:00'),(32775,'Gabriel','L','Bockenkamp','gabriel0@notreallybestbuy.com','763-555-0145','Production Technician - WC50','1968-02-25 00:00:00'),(32776,'Alan',NULL,'Brewer','alan1@notreallybestbuy.com','494-555-0134','Database Administrator','1970-06-17 00:00:00'),(32777,'Bridget','E','Browqett','bridget0@notreallybestbuy.com','1 (11) 500 555-0122','Accounts Receivable Specialist','1994-10-22 00:00:00'),(32778,'Ovidiu',NULL,'Burlacu','ovidiu1@notreallybestbuy.com','710-555-0116','Production Supervisor - WC20','1992-05-08 00:00:00'),(32779,'Gustavo',NULL,'Camargo','gustavo1@notreallybestbuy.com','1 (11) 500 555-0118','Production Technician - WC60','1991-03-13 00:00:00'),(32780,'Ty Loren',NULL,'Carlson','tyloren0@notreallybestbuy.com','1 (11) 500 555-0120','Production Technician - WC50','1966-07-14 00:00:00'),(32781,'Elizabeth','E','Catalano','elizabeth1@notreallybestbuy.com','242-555-0181','Production Supervisor - WC20','1994-12-20 00:00:00'),(32782,'John','Y','Chen','john13@notreallybestbuy.com','514-555-0128','Stocker','1995-06-05 00:00:00'),(32783,'James','J','Clark','james4@notreallybestbuy.com','1 (11) 500 555-0176','Production Technician - WC60','1991-03-14 00:00:00'),(32784,'William','J','Conner','william1@notreallybestbuy.com','383-555-0111','Production Technician - WC20','1965-12-13 00:00:00'),(32785,'Shelley','R','Crow','shelley1@notreallybestbuy.com','1 (11) 500 555-0148','Production Technician - WC10','1976-10-14 00:00:00'),(32786,'Barbara','S','Decker','barbara3@notreallybestbuy.com','1 (11) 500 555-0113','Production Technician - WC60','1966-10-12 00:00:00'),(32787,'Dick',NULL,'Dievendorff','dick1@notreallybestbuy.com','1 (11) 500 555-0193','Janitor','1989-05-25 00:00:00'),(32788,'Adrian',NULL,'Dumitrascu','adrian0@notreallybestbuy.com','362-555-0121','Vice President of Sales','1992-07-08 00:00:00'),(32789,'Mark','B','Erickson','mark2@notreallybestbuy.com','962-555-0112','Sales Representative','1990-10-31 00:00:00'),(32790,'Duane','R','Fitzgerald','duane0@notreallybestbuy.com','1 (11) 500 555-0115','Store Rep','1967-10-29 00:00:00'),(32791,'John',NULL,'Ford','john19@notreallybestbuy.com','596-555-0153','Store Rep','1967-10-14 00:00:00'),(32792,'Barbara','J','German','barbara4@notreallybestbuy.com','1 (11) 500 555-0181','Store Rep','1987-04-19 00:00:00'),(32793,'Mete',NULL,'Goktepe','mete0@notreallybestbuy.com','637-555-0120','Store Rep','1974-08-06 00:00:00'),(32794,'Brian',NULL,'Groth','brian5@notreallybestbuy.com','461-555-0118','Store Rep','1973-11-19 00:00:00'),(32795,'Mark',NULL,'Hanson','mark3@notreallybestbuy.com','497-555-0147','Store Rep','1990-05-30 00:00:00'),(32796,'Brenda','F','Heaney','brenda3@notreallybestbuy.com','393-555-0167','Store Rep','1973-08-02 00:00:00'),(32797,'Sidney',NULL,'Higa','sidney1@notreallybestbuy.com','215-555-0197','Store Rep','1989-10-24 00:00:00'),(32798,'Barbara',NULL,'Hoffman','barbara5@notreallybestbuy.com','140-555-0188','Store Rep','1976-11-24 00:00:00'),(32799,'Arlene',NULL,'Huff','arlene0@notreallybestbuy.com','1 (11) 500 555-0146','Store Rep','1999-01-17 00:00:00'),(32800,'Jodan','M','Jacobson','jodan0@notreallybestbuy.com','652-555-0189','Store Rep','1993-08-08 00:00:00'),(32801,'David',NULL,'Johnson','david18@notreallybestbuy.com','476-555-0139','Store Rep','1979-12-12 00:00:00'),(32802,'Lori',NULL,'Kane','lori2@notreallybestbuy.com','765-555-0141','Store Rep','1988-07-27 00:00:00'),(32803,'Tammy','J','Khan','tammy0@notreallybestbuy.com','145-555-0166','Store Rep','1991-02-04 00:00:00'),(32804,'Kirk','T','King','kirk2@notreallybestbuy.com','979-555-0163','Store Rep','1971-05-18 00:00:00'),(32805,'Jeffrey',NULL,'Kurtz','jeffrey3@notreallybestbuy.com','452-555-0179','Store Rep','1972-04-24 00:00:00'),(32806,'Roger',NULL,'Lengel','roger1@notreallybestbuy.com','947-555-0143','Store Rep','1975-01-01 00:00:00'),(32807,'Paulo','H','Lisboa','paulo0@notreallybestbuy.com','380-555-0116','Store Rep','1996-10-11 00:00:00'),(32808,'Richard',NULL,'Lum','richard5@notreallybestbuy.com','140-555-0128','Store Rep','1970-03-02 00:00:00'),(32809,'Ajay',NULL,'Manchepalli','ajay0@notreallybestbuy.com','1 (11) 500 555-0174','Store Rep','1996-10-29 00:00:00'),(32810,'Joseph',NULL,'Matthews','joseph3@notreallybestbuy.com','1 (11) 500 555-0174','Store Rep','1970-04-17 00:00:00'),(32811,'Alejandro',NULL,'McGuel','alejandro1@notreallybestbuy.com','378-555-0157','Store Rep','1969-01-11 00:00:00'),(32812,'Deanna',NULL,'Meyer','deanna1@notreallybestbuy.com','249-555-0124','Store Rep','1994-08-29 00:00:00'),(32813,'Scott',NULL,'Mitchell','scott8@notreallybestbuy.com','1 (11) 500 555-0183','Store Rep','1971-09-08 00:00:00'),(32814,'Marie','E','Moya','marie0@notreallybestbuy.com','114-555-0100','Geek Squad','1989-01-06 00:00:00'),(32815,'Alex',NULL,'Nayberg','alex1@notreallybestbuy.com','134-555-0100','Geek Squad','1993-10-19 00:00:00'),(32816,'Tad',NULL,'Orman','tad0@notreallybestbuy.com','533-555-0100','Geek Squad','1992-01-27 00:00:00'),(32817,'Shyamalan',NULL,'Pather','shyamalan0@notreallybestbuy.com','843-555-0100','Geek Squad','1994-12-22 00:00:00'),(32818,'Patricia','B','Porter','patricia1@notreallybestbuy.com','939-555-0100','Geek Squad','1988-07-01 00:00:00'),(32819,'Jeff',NULL,'Price','jeff3@notreallybestbuy.com','927-555-0100','Geek Squad','1991-12-08 00:00:00'),(32820,'Jamie',NULL,'Reding','jamie0@notreallybestbuy.com','124-555-0100','Geek Squad','1989-03-02 00:00:00'),(32821,'Thomas','M','Richards','thomas3@notreallybestbuy.com','177-555-0100','Geek Squad','1993-09-28 00:00:00'),(32822,'Luke','J','Roy','luke0@notreallybestbuy.com','583-555-0100','Geek Squad','1991-09-19 00:00:00'),(32823,'Mandar',NULL,'Samant','mandar2@notreallybestbuy.com','129-555-0100','Geek Squad','1993-02-07 00:00:00'),(32824,'Yvonne',NULL,'Schleger','yvonne2@notreallybestbuy.com','155-555-0100','Geek Squad','1986-01-25 00:00:00'),(32825,'Janet',NULL,'Sheperdigian','janet3@notreallybestbuy.com','943-555-0100','Geek Squad','1986-05-07 00:00:00'),(32826,'Bonnie','L','Skelly','bonnie3@notreallybestbuy.com','641-555-0100','Geek Squad','1991-08-24 00:00:00'),(32827,'Lorrin','G','Smith-Bates','lorrin0@notreallybestbuy.com','129-555-0100','Geek Squad','1987-11-27 00:00:00'),(32828,'Mahesh',NULL,'Smith','mahesh0@notreallybestbuy.com','610-555-0100','Geek Squad','1986-09-07 00:00:00'),(32829,'Derik',NULL,'Stenerson','derik0@notreallybestbuy.com','441-555-0144','Geek Squad','1990-04-07 00:00:00'),(32830,'Gary','J','Suess','gary5@notreallybestbuy.com','1 (11) 500 555-0199','Geek Squad','1994-10-11 00:00:00'),(32831,'Julie',NULL,'Taft-Rider','julie1@notreallybestbuy.com','145-555-0194','Geek Squad','1996-10-08 00:00:00'),(32832,'James','R','Thomas','james14@notreallybestbuy.com','699-555-0184','Geek Squad','1999-06-29 00:00:00'),(32833,'Delia','B','Toone','delia0@notreallybestbuy.com','328-555-0192','Geek Squad','1990-03-07 00:00:00'),(32834,'Lynn',NULL,'Tsoflias','lynn2@notreallybestbuy.com','526-555-0155','Geek Squad','1987-05-15 00:00:00'),(32835,'Mandy',NULL,'Vance','mandy0@notreallybestbuy.com','1 (11) 500 555-0175','Geek Squad','1991-05-03 00:00:00'),(32836,'Dora','P','Verdad','dora0@notreallybestbuy.com','155-555-0140','Geek Squad','1985-12-15 00:00:00'),(32837,'Janice','A','Vrins','janice2@notreallybestbuy.com','282-555-0100','Geek Squad','1999-05-17 00:00:00'),(32838,'Irene','J','Watada','irene1@notreallybestbuy.com','794-555-0100','Geek Squad','1985-01-30 00:00:00'),(32839,'Kerry','N','Westguard','kerry0@notreallybestbuy.com','823-555-0100','Geek Squad','1995-03-03 00:00:00'),(32840,'Todd','K','Whitney','todd1@notreallybestbuy.com','376-555-0100','Geek Squad','1986-07-06 00:00:00'),(32841,'Dorothy','M','Wollesen','dorothy5@notreallybestbuy.com','208-555-0100','Geek Squad','1989-03-19 00:00:00'),(32842,'Garrett',NULL,'Young','garrett2@notreallybestbuy.com','549-555-0100','Geek Squad','1997-03-13 00:00:00'),(32843,'Arvid','B','Ziegler','arvid0@notreallybestbuy.com','398-555-0100','Geek Squad','1999-09-10 00:00:00'),(32844,'Jossef','H','Goldberg','jossef0@notreallybestbuy.com','122-555-0189','Geek Squad','1991-09-30 00:00:00'),(32845,'Tsvi','M','Reiter','tsvi0@notreallybestbuy.com','664-555-0112','Geek Squad','1985-04-01 00:00:00'),(32846,'Terry','J','Eminhizer','terry0@notreallybestbuy.com','138-555-0118','Geek Squad','1987-02-11 00:00:00'),(32847,'Fukiko','J','Ogisu','fukiko0@notreallybestbuy.com','520-555-0177','Geek Squad','1994-04-30 00:00:00'),(32848,'Michael','S','Ray','michael3@notreallybestbuy.com','156-555-0199','Geek Squad','1987-03-14 00:00:00'),(32849,'Ruth','A','Ellerbrock','ruth0@notreallybestbuy.com','145-555-0130','Geek Squad','1987-10-19 00:00:00'),(32850,'Patrick','C','Wedge','patrick0@notreallybestbuy.com','413-555-0124','Geek Squad','1994-12-16 00:00:00'),(32895,'Samuel','N','Agcaoili','samuel0@notreallybestbuy.com','554-555-0110','Design Engineer','1994-04-11 00:00:00'),(32896,'J. Phillip','L','Alexander','jphillip0@notreallybestbuy.com','845-555-0187','Production Technician - WC45','1967-10-14 00:00:00'),(32897,'Maxwell','J','Amland','maxwell0@notreallybestbuy.com','614-555-0134','Production Technician - WC30','1993-08-27 00:00:00'),(32898,'John','P','Ault','john7@notreallybestbuy.com','1 (11) 500 555-0139','Master Scheduler','1993-10-19 00:00:00'),(32899,'Darrell','M','Banks','darrell0@notreallybestbuy.com','816-555-0118','Production Technician - WC20','1989-11-16 00:00:00'),(32900,'Karel','E','Bates','karel0@notreallybestbuy.com','916-555-0133','Application Specialist','1995-03-03 00:00:00'),(32901,'Mason',NULL,'Bendixen','mason0@notreallybestbuy.com','608-555-0114','Quality Assurance Technician','1991-04-07 00:00:00'),(32902,'John','M','Berger','john10@notreallybestbuy.com','156-555-0111','Production Technician - WC45','1991-01-26 00:00:00'),(32903,'Mae','M','Black','mae1@notreallybestbuy.com','264-555-0143','Production Technician - WC40','1981-02-04 00:00:00'),(32904,'Eli',NULL,'Bowen','eli0@notreallybestbuy.com','371-555-0143','Production Technician - WC30','1999-01-08 00:00:00'),(32905,'David','J','Brink','david12@notreallybestbuy.com','1 (11) 500 555-0184','Shipping and Receiving Clerk','1968-12-13 00:00:00'),(32906,'Dick','R','Brummer','dick0@notreallybestbuy.com','581-555-0189','Scheduling Assistant','1998-01-22 00:00:00'),(32907,'Barbara','J','Calone','barbara2@notreallybestbuy.com','145-555-0152','Human Resources Administrative Assistant','1992-05-19 00:00:00'),(32908,'Jun',NULL,'Cao','jun1@notreallybestbuy.com','488-555-0130','Production Technician - WC50','1988-07-27 00:00:00'),(32909,'Donna','F','Carreras','donna0@notreallybestbuy.com','279-555-0130','Application Specialist','1993-06-19 00:00:00'),(32910,'Baris',NULL,'Cetinok','baris1@notreallybestbuy.com','301-555-0128','Production Technician - WC50','1966-08-24 00:00:00'),(32911,'Nicky','E','Chesnut','nicky0@notreallybestbuy.com','264-555-0164','Buyer','1969-09-21 00:00:00'),(32912,'Jane',NULL,'Clayton','jane1@notreallybestbuy.com','206-555-0195','Production Technician - WC30','1969-12-16 00:00:00'),(32913,'Peter',NULL,'Connelly','peter2@notreallybestbuy.com','1 (11) 500 555-0117','Production Technician - WC10','1996-10-23 00:00:00'),(32914,'Pamela','R','Cox','pamela2@notreallybestbuy.com','945-555-0112','Buyer','1965-12-25 00:00:00'),(32915,'Megan','N','Davis','megan1@notreallybestbuy.com','839-555-0198','Janitor','1966-01-03 00:00:00'),(32916,'Bruno',NULL,'Deniut','bruno1@notreallybestbuy.com','1 (11) 500 555-0118','Quality Assurance Technician','1992-01-05 00:00:00'),(32917,'Cindy','M','Dodd','cindy0@notreallybestbuy.com','706-555-0140','Purchasing Assistant','1993-03-01 00:00:00'),(32918,'Maciej',NULL,'Dusza','maciej1@notreallybestbuy.com','962-555-0144','Sales Representative','1994-01-26 00:00:00'),(32919,'Hanying',NULL,'Feng','hanying1@notreallybestbuy.com','475-555-0188','Store Rep','1991-02-16 00:00:00'),(32920,'John',NULL,'Fredericksen','john18@notreallybestbuy.com','1 (11) 500 555-0123','Store Rep','1991-09-08 00:00:00'),(32921,'Kathleen','M','Garza','kathleen0@notreallybestbuy.com','150-555-0127','Store Rep','1996-06-30 00:00:00'),(32922,'Guy',NULL,'Gilbert','guy0@notreallybestbuy.com','583-555-0198','Store Rep','1999-05-17 00:00:00'),(32923,'Lynn','A','Gonzales','lynn1@notreallybestbuy.com','1 (11) 500 555-0180','Store Rep','1997-09-27 00:00:00'),(32924,'Faith','M','Gustafson','faith0@notreallybestbuy.com','479-555-0129','Store Rep','1992-05-18 00:00:00'),(32925,'Jean','P','Handley','jean1@notreallybestbuy.com','582-555-0113','Store Rep','1990-12-06 00:00:00'),(32926,'Neal','B','Hasty','neal0@notreallybestbuy.com','1 (11) 500 555-0191','Store Rep','1998-12-21 00:00:00'),(32927,'Irene','J','Hernandez','irene0@notreallybestbuy.com','790-555-0197','Store Rep','1989-04-29 00:00:00'),(32928,'Mike',NULL,'Hines','mike3@notreallybestbuy.com','454-555-0160','Store Rep','1967-10-14 00:00:00'),(32929,'Michael',NULL,'Holm','michael17@notreallybestbuy.com','1 (11) 500 555-0123','Store Rep','1990-06-17 00:00:00'),(32930,'Phyllis','R','Huntsman','phyllis1@notreallybestbuy.com','153-555-0195','Store Rep','1991-02-06 00:00:00'),(32931,'Barry',NULL,'Johnson','barry1@notreallybestbuy.com','858-555-0140','Store Rep','1994-04-26 00:00:00'),(32932,'Sandra','T','Kitt','sandra2@notreallybestbuy.com','303-555-0117','Store Rep','1991-01-25 00:00:00'),(32933,'John',NULL,'Kelly','john22@notreallybestbuy.com','330-555-0116','Store Rep','1980-11-07 00:00:00'),(32934,'Shane','S','Kim','shane2@notreallybestbuy.com','155-555-0149','Store Rep','1992-03-14 00:00:00'),(32935,'Joy','R','Koski','joy0@notreallybestbuy.com','810-555-0198','Store Rep','1996-02-11 00:00:00'),(32936,'Peter',NULL,'Kurniawan','peter4@notreallybestbuy.com','436-555-0160','Store Rep','1993-06-13 00:00:00'),(32937,'Jolie',NULL,'Lenehan','jolie0@notreallybestbuy.com','1 (11) 500 555-0126','Store Rep','1994-08-01 00:00:00'),(32938,'Yan',NULL,'Li','yan0@notreallybestbuy.com','1 (11) 500 555-0167','Store Rep','1996-10-20 00:00:00'),(32939,'Sharon','J','Looney','sharon2@notreallybestbuy.com','377-555-0132','Store Rep','1967-06-13 00:00:00'),(32940,'Robert',NULL,'Lyon','robert9@notreallybestbuy.com','666-555-0143','Store Rep','1969-01-24 00:00:00'),(32941,'Jill','K','Markwood','jill2@notreallybestbuy.com','747-555-0113','Store Rep','1989-05-25 00:00:00'),(32942,'Chris',NULL,'Maxwell','chris6@notreallybestbuy.com','642-555-0187','Store Rep','1993-04-06 00:00:00'),(32943,'Eric','B','Meyer','eric7@notreallybestbuy.com','235-555-0199','Store Rep','1969-12-13 00:00:00'),(32944,'Dylan',NULL,'Miller','dylan1@notreallybestbuy.com','140-555-0192','Store Rep','1991-05-03 00:00:00'),(32945,'Alan','L','Monitor','alan2@notreallybestbuy.com','142-555-0100','Geek Squad','1993-11-26 00:00:00'),(32946,'Billie Jo',NULL,'Murray','billiejo0@notreallybestbuy.com','923-555-0100','Geek Squad','1993-02-27 00:00:00'),(32947,'Donals','E','Nilson','donals0@notreallybestbuy.com','526-555-0100','Geek Squad','1993-08-18 00:00:00'),(32948,'Gloria','B','Orona','gloria1@notreallybestbuy.com','810-555-0100','Geek Squad','1993-03-28 00:00:00'),(32949,'Rajesh','M','Patel','rajesh1@notreallybestbuy.com','724-555-0100','Geek Squad','1997-08-17 00:00:00'),(32950,'Glin','J','Peterson','glin0@notreallybestbuy.com','626-555-0100','Geek Squad','1987-08-11 00:00:00'),(32951,'Ethel','J','Porter','ethel0@notreallybestbuy.com','665-555-0100','Geek Squad','1998-12-28 00:00:00'),(32952,'Susan','J','Ramos','susan5@notreallybestbuy.com','839-555-0100','Geek Squad','1991-07-28 00:00:00'),(32953,'Enoch','T','Remick','enoch0@notreallybestbuy.com','800-555-0100','Geek Squad','1996-11-24 00:00:00'),(32954,'Leota','J','Roberts','leota0@notreallybestbuy.com','336-555-0100','Geek Squad','1997-08-15 00:00:00'),(32955,'Irving','W','Schmidt','irving0@notreallybestbuy.com','111-555-0100','Geek Squad','1999-02-09 00:00:00'),(32956,'Lloyd','M','Saunders','lloyd0@notreallybestbuy.com','535-555-0100','Geek Squad','1992-02-11 00:00:00'),(32957,'Steven',NULL,'Selikoff','steven3@notreallybestbuy.com','861-555-0100','Geek Squad','1993-09-05 00:00:00'),(32958,'Carlos','M','Short','carlos0@notreallybestbuy.com','187-555-0100','Geek Squad','1985-09-04 00:00:00'),(32959,'Lanna','A','Slaven','lanna0@notreallybestbuy.com','962-555-0100','Geek Squad','1991-06-29 00:00:00'),(32960,'Timothy',NULL,'Sneath','timothy1@notreallybestbuy.com','385-555-0100','Geek Squad','1994-04-09 00:00:00'),(32961,'Kristin','R','Spanaway','kristin0@notreallybestbuy.com','755-555-0100','Geek Squad','1997-06-26 00:00:00'),(32962,'Heidi',NULL,'Steen','heidi0@notreallybestbuy.com','1 (11) 500 555-0128','Geek Squad','1990-12-31 00:00:00'),(32963,'Robert','B','Stotka','robert12@notreallybestbuy.com','493-555-0185','Geek Squad','1996-10-14 00:00:00'),(32964,'Krishna',NULL,'Sunkammurali','krishna1@notreallybestbuy.com','1 (11) 500 555-0177','Geek Squad','1996-10-11 00:00:00'),(32965,'Denis',NULL,'Taylor','denis0@notreallybestbuy.com','1 (11) 500 555-0155','Geek Squad','1996-10-29 00:00:00'),(32966,'Kendra','N','Thompson','kendra0@notreallybestbuy.com','464-555-0188','Geek Squad','1994-07-17 00:00:00'),(32967,'Michael John','R','Troyer','michaeljohn0@notreallybestbuy.com','308-555-0175','Geek Squad','1990-08-09 00:00:00'),(32968,'H.','B','Valentine','h0@notreallybestbuy.com','162-555-0138','Geek Squad','1991-04-27 00:00:00'),(32969,'Nieves','J','Vargas','nieves0@notreallybestbuy.com','371-555-0184','Geek Squad','1992-12-04 00:00:00'),(32970,'Homer','J','Villa','homer0@notreallybestbuy.com','129-555-0100','Geek Squad','1994-09-26 00:00:00'),(32971,'Deb',NULL,'Waldal','deb0@notreallybestbuy.com','748-555-0100','Geek Squad','1992-12-27 00:00:00'),(32972,'Becky','R','Waters','becky0@notreallybestbuy.com','368-555-0100','Geek Squad','1985-05-29 00:00:00'),(32973,'Nigel',NULL,'Westbury','nigel0@notreallybestbuy.com','420-555-0100','Geek Squad','1992-04-02 00:00:00'),(32974,'Gregory','R','Whiting','gregory3@notreallybestbuy.com','218-555-0100','Geek Squad','1994-08-26 00:00:00'),(32975,'Barbara','K','Wisnewski','barbara8@notreallybestbuy.com','757-555-0100','Geek Squad','1993-08-02 00:00:00'),(32976,'Steven','M','Wright','steven5@notreallybestbuy.com','232-555-0100','Geek Squad','1997-03-13 00:00:00'),(32977,'Ian','A','Yuhasz','ian0@notreallybestbuy.com','845-555-0100','Geek Squad','1994-03-02 00:00:00'),(32978,'Juanita','J','Zimmerman','juanita1@notreallybestbuy.com','194-555-0100','Geek Squad','2001-07-01 00:00:00'),(32979,'Shu','K','Ito','shu0@notreallybestbuy.com','330-555-0120','Geek Squad','1993-11-20 00:00:00'),(32980,'David','M','Bradley','david0@notreallybestbuy.com','913-555-0172','Geek Squad','1998-08-07 00:00:00'),(32981,'Reinout','N','Hillmann','reinout0@notreallybestbuy.com','370-555-0163','Geek Squad','1994-09-18 00:00:00'),(32982,'Diane','L','Margheim','diane1@notreallybestbuy.com','815-555-0138','Geek Squad','1997-07-11 00:00:00'),(32983,'David','P','Hamilton','david4@notreallybestbuy.com','986-555-0177','Geek Squad','1996-05-10 00:00:00'),(32984,'Sidney','M','Higa','sidney0@notreallybestbuy.com','424-555-0189','Geek Squad','1990-08-19 00:00:00'),(32985,'Kimberly','B','Zimmerman','kimberly0@notreallybestbuy.com','123-555-0167','Geek Squad','1991-03-14 00:00:00'),(33022,'Margaret','J','Smith','margaret0@notreallybestbuy.com','959-555-0151','Production Supervisor - WC60','1991-02-16 00:00:00'),(33023,'Francois',NULL,'Ferrier','francois1@notreallybestbuy.com','571-555-0128','Production Supervisor - WC50','1991-05-03 00:00:00'),(33024,'Gregory','F','Alderson','gregory0@notreallybestbuy.com','968-555-0153','Production Control Manager','1992-12-04 00:00:00'),(33025,'Cecil','J','Allison','cecil0@notreallybestbuy.com','699-555-0155','Network Administrator','1992-04-28 00:00:00'),(33026,'Ramona','J','Antrim','ramona0@notreallybestbuy.com','327-555-0148','Shipping and Receiving Clerk','1987-04-19 00:00:00'),(33027,'Chris',NULL,'Ashton','chris3@notreallybestbuy.com','556-555-0145','Information Services Manager','1991-01-13 00:00:00'),(33028,'Cory','K','Booth','cory0@notreallybestbuy.com','121-555-0157','Maintenance Supervisor','1991-02-18 00:00:00'),(33029,'Angela',NULL,'Barbariol','angela1@notreallybestbuy.com','134-555-0182','Production Technician - WC40','1996-01-26 00:00:00'),(33030,'Norma','N','Barrera','norma0@notreallybestbuy.com','1 (11) 500 555-0187','Production Technician - WC40','1998-06-17 00:00:00'),(33031,'John','A','Beaver','john8@notreallybestbuy.com','521-555-0195','Benefits Specialist','1994-12-22 00:00:00'),(33032,'Richard','M','Bentley','richard0@notreallybestbuy.com','911-555-0153','Production Technician - WC60','1998-12-21 00:00:00'),(33033,'Mary',NULL,'Bishop','mary4@notreallybestbuy.com','176-555-0136','Production Technician - WC45','1997-03-13 00:00:00'),(33034,'Michael','L','Bohling','michael12@notreallybestbuy.com','838-555-0147','Production Technician - WC40','1997-03-13 00:00:00'),(33035,'David','M','Bradley','david11@notreallybestbuy.com','954-555-0145','Production Technician - WC45','1967-08-25 00:00:00'),(33036,'Christopher','M','Bright','christopher2@notreallybestbuy.com','162-555-0166','Marketing Specialist','1994-07-19 00:00:00'),(33037,'Robert',NULL,'Brown','robert5@notreallybestbuy.com','575-555-0189','Production Technician - WC45','1999-01-17 00:00:00'),(33038,'Michael',NULL,'Brundage','michael13@notreallybestbuy.com','128-555-0148','Production Technician - WC30','1992-07-28 00:00:00'),(33039,'Megan','E','Burke','megan0@notreallybestbuy.com','148-555-0149','Chief Financial Officer','1986-02-06 00:00:00'),(33040,'Deanna','R','Buskirk','deanna0@notreallybestbuy.com','131-555-0171','Production Technician - WC20','1992-11-06 00:00:00'),(33041,'Henry','L','Campen','henry0@notreallybestbuy.com','635-555-0126','Document Control Assistant','1991-01-25 00:00:00'),(33042,'Carlton','M','Carlisle','carlton0@notreallybestbuy.com','193-555-0116','Production Technician - WC40','1968-09-05 00:00:00'),(33043,'Andy',NULL,'Carothers','andy1@notreallybestbuy.com','944-555-0148','Production Technician - WC60','1997-07-11 00:00:00'),(33044,'Pat','A','Chambers','pat1@notreallybestbuy.com','127-555-0124','Production Technician - WC20','1969-10-06 00:00:00'),(33045,'Pei',NULL,'Chow','pei0@notreallybestbuy.com','789-555-0184','Production Technician - WC30','1992-10-19 00:00:00'),(33046,'Anthony',NULL,'Chor','anthony0@notreallybestbuy.com','429-555-0145','Marketing Specialist','1996-03-07 00:00:00'),(33047,'Kristine','J','Cleary','kristine0@notreallybestbuy.com','250-555-0127','Production Supervisor - WC40','1993-03-31 00:00:00'),(33048,'John','L','Colon','john14@notreallybestbuy.com','397-555-0144','Research and Development Manager','1995-01-01 00:00:00'),(33049,'Dorothy','J','Contreras','dorothy0@notreallybestbuy.com','428-555-0176','Production Technician - WC10','1992-01-17 00:00:00'),(33050,'Jose','M','Curry','jose2@notreallybestbuy.com','937-555-0136','Buyer','1967-06-13 00:00:00'),(33051,'Jacob','N','Dean','jacob0@notreallybestbuy.com','767-555-0151','Production Technician - WC10','1996-10-11 00:00:00'),(33052,'Della','F','Demott Jr','della0@notreallybestbuy.com','752-555-0185','Production Technician - WC10','1996-10-08 00:00:00'),(33053,'Holly',NULL,'Dickson','holly0@notreallybestbuy.com','1 (11) 500 555-0197','Janitor','1967-01-17 00:00:00'),(33054,'Patricia',NULL,'Doyle','patricia0@notreallybestbuy.com','899-555-0134','Purchasing Assistant','1993-02-18 00:00:00'),(33055,'Shannon','P','Elliott','shannon0@notreallybestbuy.com','425-555-0158','Sales Representative','1985-01-06 00:00:00'),(33056,'Martha','R','Espinoza','martha0@notreallybestbuy.com','753-555-0179','Sales Representative','1993-02-06 00:00:00'),(33057,'Fadi',NULL,'Fakhouri','fadi1@notreallybestbuy.com','153-555-0114','Store Rep','1990-01-23 00:00:00'),(33058,'Kathie',NULL,'Flood','kathie1@notreallybestbuy.com','627-555-0192','Store Rep','1994-04-11 00:00:00'),(33059,'Bob',NULL,'Gage','bob1@notreallybestbuy.com','962-555-0175','Store Rep','1993-11-26 00:00:00'),(33060,'Orlando','N','Gee','orlando0@notreallybestbuy.com','245-555-0173','Store Rep','1994-09-26 00:00:00'),(33061,'Frances','J','Giglio','frances1@notreallybestbuy.com','692-555-0136','Store Rep','1994-12-19 00:00:00'),(33062,'James','R','Glynn','james6@notreallybestbuy.com','1 (11) 500 555-0191','Store Rep','1997-06-21 00:00:00'),(33063,'Abigail','J','Gonzalez','abigail0@notreallybestbuy.com','121-555-0139','Store Rep','1995-01-30 00:00:00'),(33064,'Douglas',NULL,'Groncki','douglas2@notreallybestbuy.com','385-555-0140','Store Rep','1996-10-09 00:00:00'),(33065,'Betty','M','Haines','betty0@notreallybestbuy.com','867-555-0114','Store Rep','1994-09-16 00:00:00'),(33066,'Roger',NULL,'Harui','roger0@notreallybestbuy.com','774-555-0133','Store Rep','1992-11-05 00:00:00'),(33067,'James',NULL,'Hendergart','james9@notreallybestbuy.com','967-555-0129','Store Rep','1991-01-26 00:00:00'),(33068,'Fran','P','Highfill','fran0@notreallybestbuy.com','117-555-0110','Store Rep','1991-07-28 00:00:00'),(33069,'Rose',NULL,'Hirsch','rose0@notreallybestbuy.com','1 (11) 500 555-0157','Store Rep','1994-03-02 00:00:00'),(33070,'Jean','J','Holloway','jean2@notreallybestbuy.com','1 (11) 500 555-0181','Store Rep','1997-10-07 00:00:00'),(33071,'Janice','K','Hows','janice1@notreallybestbuy.com','1 (11) 500 555-0119','Store Rep','1992-02-16 00:00:00'),(33072,'Ryan',NULL,'Ihrig','ryan4@notreallybestbuy.com','809-555-0152','Store Rep','1994-10-22 00:00:00'),(33073,'Bronson','R','Jacobs','bronson0@notreallybestbuy.com','697-555-0131','Store Rep','1999-10-30 00:00:00'),(33074,'Joyce',NULL,'Jarvis','joyce0@notreallybestbuy.com','458-555-0179','Store Rep','1995-04-01 00:00:00'),(33075,'Brian',NULL,'Johnson','brian6@notreallybestbuy.com','320-555-0134','Store Rep','1997-12-23 00:00:00'),(33076,'Peggy','J','Justice','peggy0@notreallybestbuy.com','170-555-0189','Store Rep','1997-03-27 00:00:00'),(33077,'Imtiaz',NULL,'Khan','imtiaz0@notreallybestbuy.com','249-555-0179','Store Rep','1980-09-04 00:00:00'),(33078,'Anton',NULL,'Kirilov','anton0@notreallybestbuy.com','608-555-0162','Store Rep','1996-05-10 00:00:00'),(33079,'Scott',NULL,'Konersmann','scott6@notreallybestbuy.com','556-555-0192','Store Rep','1998-04-15 00:00:00'),(33080,'Margaret','T','Krupka','margaret1@notreallybestbuy.com','107-555-0132','Store Rep','1987-11-27 00:00:00'),(33081,'Rebecca',NULL,'Laszlo','rebecca2@notreallybestbuy.com','1 (11) 500 555-0155','Store Rep','1997-07-07 00:00:00'),(33082,'Mark',NULL,'Lee','mark5@notreallybestbuy.com','371-555-0112','Store Rep','1997-01-08 00:00:00'),(33083,'Linda',NULL,'Leste','linda7@notreallybestbuy.com','493-555-0134','Store Rep','1965-12-13 00:00:00'),(33084,'Yuhong',NULL,'Li','yuhong1@notreallybestbuy.com','1 (11) 500 555-0176','Store Rep','1996-10-20 00:00:00'),(33085,'Todd','R','Logan','todd0@notreallybestbuy.com','783-555-0110','Store Rep','1992-01-14 00:00:00'),(33086,'Jose',NULL,'Lugo','jose4@notreallybestbuy.com','1 (11) 500 555-0133','Store Rep','1966-01-03 00:00:00'),(33087,'Benjamin',NULL,'Martin','benjamin2@notreallybestbuy.com','1 (11) 500 555-0139','Store Rep','1993-02-18 00:00:00'),(33088,'Jennifer','J','Maxham','jennifer1@notreallybestbuy.com','1 (11) 500 555-0175','Store Rep','1986-06-03 00:00:00'),(33089,'Lola','M','McCarthy','lola0@notreallybestbuy.com','173-555-0151','Store Rep','1967-09-29 00:00:00'),(33090,'Nkenge',NULL,'McLin','nkenge0@notreallybestbuy.com','158-555-0123','Store Rep','1992-10-22 00:00:00'),(33091,'Susan',NULL,'Metters','susan4@notreallybestbuy.com','1 (11) 500 555-0125','Store Rep','1992-05-15 00:00:00'),(33092,'Thomas','R','Michaels','thomas2@notreallybestbuy.com','162-555-0174','Store Rep','1991-07-06 00:00:00'),(33093,'Frank',NULL,'Miller','frank6@notreallybestbuy.com','118-555-0184','Store Rep','1991-08-12 00:00:00'),(33094,'Suchitra',NULL,'Mohan','suchitra1@notreallybestbuy.com','298-555-0100','Geek Squad','1992-10-14 00:00:00'),(33095,'Jon',NULL,'Morris','jon2@notreallybestbuy.com','321-555-0100','Geek Squad','1996-06-30 00:00:00'),(33096,'Lorraine',NULL,'Nay','lorraine1@notreallybestbuy.com','669-555-0100','Geek Squad','1992-12-27 00:00:00'),(33097,'Fred',NULL,'Northup','fred1@notreallybestbuy.com','330-555-0100','Geek Squad','1993-05-03 00:00:00'),(33098,'Scott',NULL,'Oveson','scott9@notreallybestbuy.com','939-555-0100','Geek Squad','1994-05-13 00:00:00'),(33099,'Michael',NULL,'Patten','michael20@notreallybestbuy.com','178-555-0100','Geek Squad','1994-11-12 00:00:00'),(33100,'Tina','A','Perko','tina1@notreallybestbuy.com','104-555-0100','Geek Squad','1997-01-01 00:00:00'),(33101,'Paulo','S','Pinto','paulo1@notreallybestbuy.com','823-555-0100','Geek Squad','1987-10-11 00:00:00'),(33102,'Constance','J','Posner','constance0@notreallybestbuy.com','686-555-0100','Geek Squad','1999-03-19 00:00:00'),(33103,'Monica','L','Quintana','monica0@notreallybestbuy.com','207-555-0100','Geek Squad','1986-02-04 00:00:00'),(33104,'Michael','S','Ray','michael21@notreallybestbuy.com','317-555-0100','Geek Squad','1992-10-14 00:00:00'),(33105,'Marie','M','Richmeier','marie1@notreallybestbuy.com','172-555-0100','Geek Squad','2001-07-01 00:00:00'),(33106,'Dorothy','B','Robinson','dorothy3@notreallybestbuy.com','423-555-0100','Geek Squad','1997-04-12 00:00:00'),(33107,'Linda','R','Rousey','linda10@notreallybestbuy.com','369-555-0100','Geek Squad','1996-02-06 00:00:00'),(33108,'Justine','J','Ryan','justine0@notreallybestbuy.com','498-555-0100','Geek Squad','1994-06-03 00:00:00'),(33109,'Patrick',NULL,'Sands','patrick4@notreallybestbuy.com','153-555-0100','Geek Squad','2000-05-14 00:00:00'),(33110,'Steve',NULL,'Schmidt','steve3@notreallybestbuy.com','988-555-0100','Geek Squad','1994-09-01 00:00:00'),(33111,'Alice','J','Serventi','alice3@notreallybestbuy.com','116-555-0100','Geek Squad','1991-07-14 00:00:00'),(33112,'Irma','J','Sherwood','irma0@notreallybestbuy.com','760-555-0100','Geek Squad','1993-06-19 00:00:00'),(33113,'David',NULL,'Simpson','david24@notreallybestbuy.com','115-555-0100','Geek Squad','1992-03-14 00:00:00'),(33114,'Denise',NULL,'Smith','denise2@notreallybestbuy.com','326-555-0100','Geek Squad','1990-08-19 00:00:00'),(33115,'Ajay',NULL,'Solanki','ajay1@notreallybestbuy.com','193-555-0100','Geek Squad','1992-04-24 00:00:00'),(33116,'Geraldine','T','Spicer','geraldine0@notreallybestbuy.com','230-555-0100','Geek Squad','1998-10-26 00:00:00'),(33117,'Beth','K','Stanley','beth1@notreallybestbuy.com','572-555-0100','Geek Squad','1991-03-21 00:00:00'),(33118,'Alan',NULL,'Steiner','alan4@notreallybestbuy.com','792-555-0194','Geek Squad','1986-09-27 00:00:00'),(33119,'Judy','R','Storjohann','judy2@notreallybestbuy.com','1 (11) 500 555-0151','Geek Squad','1991-11-23 00:00:00'),(33120,'Brad',NULL,'Sutton','brad0@notreallybestbuy.com','688-555-0115','Geek Squad','1992-04-03 00:00:00'),(33121,'Clarence','R','Tatman','clarence0@notreallybestbuy.com','787-555-0128','Geek Squad','1992-01-05 00:00:00'),(33122,'Vanessa','J','Tench','vanessa0@notreallybestbuy.com','785-555-0163','Geek Squad','1989-05-25 00:00:00'),(33123,'Danielle',NULL,'Tiedt','danielle2@notreallybestbuy.com','916-555-0171','Geek Squad','1993-03-13 00:00:00'),(33124,'Glenn','J','Track','glenn0@notreallybestbuy.com','907-555-0170','Geek Squad','1993-04-10 00:00:00'),(33125,'David','F','Trolen','david26@notreallybestbuy.com','793-555-0146','Geek Squad','1990-02-11 00:00:00'),(33126,'Sairaj',NULL,'Uddin','sairaj1@notreallybestbuy.com','767-555-0193','Geek Squad','1994-08-29 00:00:00'),(33127,'Johnathan',NULL,'Van Eaton','johnathan0@notreallybestbuy.com','1 (11) 500 555-0156','Geek Squad','1991-09-01 00:00:00'),(33128,'Kara','N','Vanderlinden','kara0@notreallybestbuy.com','680-555-0160','Geek Squad','1991-04-30 00:00:00'),(33129,'Kevin',NULL,'Verboort','kevin6@notreallybestbuy.com','1 (11) 500 555-0116','Geek Squad','1992-02-04 00:00:00'),(33130,'Eric','M','Vincenzi','eric10@notreallybestbuy.com','330-555-0100','Geek Squad','1993-08-27 00:00:00'),(33131,'Bryan',NULL,'Walton','bryan3@notreallybestbuy.com','858-555-0100','Geek Squad','1993-08-18 00:00:00'),(33132,'Dorothy','L','Weimer','dorothy4@notreallybestbuy.com','897-555-0100','Geek Squad','1993-11-19 00:00:00'),(33133,'Ann','B','Wilson','ann3@notreallybestbuy.com','446-555-0100','Geek Squad','1990-11-05 00:00:00'),(33134,'Steven','K','Whitehead','steven4@notreallybestbuy.com','327-555-0100','Geek Squad','1995-12-26 00:00:00'),(33135,'Benjamin','C','Willett','benjamin3@notreallybestbuy.com','302-555-0100','Geek Squad','1994-09-02 00:00:00'),(33136,'Charlene','J','Wojcik','charlene0@notreallybestbuy.com','459-555-0100','Geek Squad','1996-06-20 00:00:00'),(33137,'Michiel',NULL,'Wories','michiel0@notreallybestbuy.com','530-555-0100','Geek Squad','1991-12-08 00:00:00'),(33138,'Joe',NULL,'Yong','joe2@notreallybestbuy.com','221-555-0100','Geek Squad','1994-07-23 00:00:00'),(33139,'Gary',NULL,'Yukish','gary7@notreallybestbuy.com','518-555-0100','Geek Squad','1999-01-08 00:00:00'),(33140,'Larry',NULL,'Zhang','larry0@notreallybestbuy.com','143-555-0100','Geek Squad','1990-06-17 00:00:00'),(33141,'Michael','J','Zwilling','michael28@notreallybestbuy.com','542-555-0100','Geek Squad','1997-08-15 00:00:00'),(33142,'Amy','E','Alberts','amy0@notreallybestbuy.com','775-555-0164','Geek Squad','1992-03-14 00:00:00'),(33143,'Jose','E','Saraiva','jose1@notreallybestbuy.com','185-555-0169','Geek Squad','1999-04-29 00:00:00'),(33144,'Tete','A','Mensa-Annan','tete0@notreallybestbuy.com','615-555-0153','Geek Squad','1999-12-12 00:00:00'),(33145,'Mary','E','Gibson','mary0@notreallybestbuy.com','531-555-0183','Geek Squad','1985-06-24 00:00:00'),(33146,'Erin','M','Hagens','erin0@notreallybestbuy.com','842-555-0158','Geek Squad','1992-03-18 00:00:00'),(33147,'Arvind','B','Rao','arvind0@notreallybestbuy.com','848-555-0163','Geek Squad','1999-03-02 00:00:00'),(33148,'Cristian','K','Petculescu','cristian0@notreallybestbuy.com','434-555-0133','Geek Squad','1987-10-15 00:00:00'),(33149,'Jeff','V','Hay','jeff0@notreallybestbuy.com','350-555-0167','Geek Squad','1991-08-24 00:00:00'),(33150,'John','T','Campbell','john0@notreallybestbuy.com','435-555-0113','Geek Squad','1996-02-11 00:00:00'),(33151,'Barry','K','Johnson','barry0@notreallybestbuy.com','206-555-0180','Geek Squad','1994-04-09 00:00:00'),(33277,'Kim',NULL,'Akers','kim3@notreallybestbuy.com','440-555-0166','Production Technician - WC10','1991-08-12 00:00:00'),(33278,'Sandra','J','Altamirano','sandra1@notreallybestbuy.com','1 (11) 500 555-0190','Human Resources Manager','1986-03-14 00:00:00'),(33279,'Robert','A','Avalos','robert2@notreallybestbuy.com','665-555-0198','Production Technician - WC40','1999-07-27 00:00:00'),(33280,'Brenda','L','Barlow','brenda1@notreallybestbuy.com','1 (11) 500 555-0168','Production Technician - WC50','1996-10-09 00:00:00'),(33281,'Shane','J','Belli','shane1@notreallybestbuy.com','843-555-0175','Production Technician - WC45','1995-12-26 00:00:00'),(33282,'Andreas',NULL,'Berglund','andreas1@notreallybestbuy.com','795-555-0116','Document Control Manager','1986-03-02 00:00:00'),(33283,'Carol','J','Brink','carol1@notreallybestbuy.com','513-555-0149','Production Technician - WC50','2001-07-01 00:00:00'),(33284,'June','B','Brunner','june0@notreallybestbuy.com','249-555-0172','Production Supervisor - WC30','1991-09-19 00:00:00'),(33285,'David','J','Byrnes','david13@notreallybestbuy.com','1 (11) 500 555-0199','Network Manager','1994-04-26 00:00:00'),(33286,'Pamela','A','Carlson','pamela1@notreallybestbuy.com','353-555-0188','Production Technician - WC30','1987-10-15 00:00:00'),(33287,'Patrick','M','Cook','patrick2@notreallybestbuy.com','884-555-0193','Facilities Administrative Assistant','1986-09-27 00:00:00'),(33288,'Ryan',NULL,'Danner','ryan3@notreallybestbuy.com','1 (11) 500 555-0178','Production Technician - WC40','1992-01-08 00:00:00'),(33289,'Prashanth',NULL,'Desai','prashanth0@notreallybestbuy.com','138-555-0156','Production Technician - WC60','1985-05-29 00:00:00'),(33290,'Ed',NULL,'Dudenhoefer','ed1@notreallybestbuy.com','1 (11) 500 555-0153','Design Engineer','1986-06-03 00:00:00'),(33291,'Gail',NULL,'Erickson','gail1@notreallybestbuy.com','834-555-0132','Sales Representative','1993-04-18 00:00:00'),(33292,'James',NULL,'Fine','james5@notreallybestbuy.com','993-555-0162','Store Rep','1991-04-27 00:00:00'),(33293,'Derek',NULL,'Graham','derek0@notreallybestbuy.com','674-555-0187','Store Rep','1989-11-16 00:00:00'),(33294,'Bryan',NULL,'Hamilton','bryan2@notreallybestbuy.com','344-555-0144','Store Rep','1994-12-22 00:00:00'),(33295,'James','B','Haugh','james8@notreallybestbuy.com','763-555-0120','Store Rep','1987-10-11 00:00:00'),(33296,'Bob',NULL,'Hodges','bob2@notreallybestbuy.com','129-555-0120','Store Rep','2000-12-05 00:00:00'),(33297,'George',NULL,'Jiang','george2@notreallybestbuy.com','1 (11) 500 555-0112','Store Rep','1999-04-29 00:00:00'),(33298,'Scott','B','Kaffer','scott5@notreallybestbuy.com','1 (11) 500 555-0179','Store Rep','1996-05-06 00:00:00'),(33299,'Mary','R','Kesslep','mary8@notreallybestbuy.com','1 (11) 500 555-0146','Store Rep','1997-07-11 00:00:00'),(33300,'Jim',NULL,'Kennedy','jim3@notreallybestbuy.com','1 (11) 500 555-0199','Store Rep','1991-06-29 00:00:00'),(33301,'Gloria','J','Lesko','gloria0@notreallybestbuy.com','296-555-0171','Store Rep','1996-10-23 00:00:00'),(33302,'Jenny',NULL,'Lysaker','jenny0@notreallybestbuy.com','1 (11) 500 555-0196','Store Rep','1986-10-06 00:00:00'),(33303,'Mindy',NULL,'Martin','mindy1@notreallybestbuy.com','1 (11) 500 555-0177','Store Rep','1999-06-29 00:00:00'),(33304,'James','L','McCoy','james12@notreallybestbuy.com','191-555-0151','Store Rep','1985-01-06 00:00:00'),(33305,'Joseph','P','Mitzner','joseph4@notreallybestbuy.com','129-555-0164','Mr.','1987-06-15 00:00:00'),(33306,'Stuart',NULL,'Munson','stuart2@notreallybestbuy.com','235-555-0100','Geek Squad','1987-04-19 00:00:00'),(33307,'Lori',NULL,'Oviatt','lori3@notreallybestbuy.com','529-555-0100','Geek Squad','1992-04-02 00:00:00'),(33308,'Fred',NULL,'Preston','fred3@notreallybestbuy.com','704-555-0100','Geek Squad','1989-04-29 00:00:00'),(33309,'Russell','A','Reed','russell3@notreallybestbuy.com','115-555-0100','Geek Squad','1999-01-08 00:00:00'),(33310,'David','R','Robinett','david22@notreallybestbuy.com','238-555-0100','Geek Squad','1989-08-02 00:00:00'),(33311,'Andy',NULL,'Ruth','andy2@notreallybestbuy.com','856-555-0100','Geek Squad','1986-02-06 00:00:00'),(33312,'Joshua','R','Several','joshua1@notreallybestbuy.com','194-555-0100','Geek Squad','1994-04-30 00:00:00'),(33313,'Mircea','R','Singer','mircea0@notreallybestbuy.com','575-555-0100','Geek Squad','1998-10-08 00:00:00'),(33314,'Annik',NULL,'Stahl','annik1@notreallybestbuy.com','644-555-0100','Geek Squad','1998-06-11 00:00:00'),(33315,'Liza Marie','N','Stevens','lizamarie0@notreallybestbuy.com','366-555-0110','Geek Squad','1996-10-11 00:00:00'),(33316,'Tony',NULL,'Ting','tony0@notreallybestbuy.com','538-555-0182','Geek Squad','1994-01-26 00:00:00'),(33317,'Christie','J','Trujillo','christie0@notreallybestbuy.com','686-555-0180','Geek Squad','1986-04-18 00:00:00'),(33318,'Rose','M','Vandenouer','rose1@notreallybestbuy.com','1 (11) 500 555-0140','Geek Squad','1991-08-12 00:00:00'),(33319,'Caroline','A','Vicknair','caroline0@notreallybestbuy.com','695-555-0158','Geek Squad','1986-03-14 00:00:00'),(33320,'Hazel','R','Walker','hazel0@notreallybestbuy.com','325-555-0100','Geek Squad','1999-07-27 00:00:00'),(33321,'Gregory',NULL,'Weber','gregory2@notreallybestbuy.com','116-555-0100','Geek Squad','1996-10-09 00:00:00'),(33322,'Audrey','E','Wold','audrey0@notreallybestbuy.com','301-555-0100','Geek Squad','1986-03-02 00:00:00'),(33323,'Brian','S','Welcker','brian3@notreallybestbuy.com','716-555-0127','Geek Squad','1991-09-19 00:00:00'),(33324,'Jae','B','Pak','jae0@notreallybestbuy.com','1 (11) 500 555-0145','Geek Squad','1994-04-26 00:00:00'),(33325,'Gordon','L','Hee','gordon0@notreallybestbuy.com','230-555-0144','Geek Squad','1988-07-27 00:00:00'),(33326,'JoLynn','M','Dobney','jolynn0@notreallybestbuy.com','903-555-0145','Geek Squad','1995-06-05 00:00:00'),(33327,'Danielle','C','Tiedt','danielle0@notreallybestbuy.com','500-555-0172','Geek Squad','1993-03-31 00:00:00'),(33340,'Kim',NULL,'Abercrombie','kim2@notreallybestbuy.com','334-555-0137','Engineering Manager','1969-12-13 00:00:00'),(33341,'Frances','B','Adams','frances0@notreallybestbuy.com','991-555-0183','Marketing Manager','1970-04-19 00:00:00'),(33342,'Jay',NULL,'Adams','jay1@notreallybestbuy.com','158-555-0142','Design Engineer','1967-10-29 00:00:00'),(33343,'James','T','Aguilar','james2@notreallybestbuy.com','1 (11) 500 555-0198','Vice President of Engineering','1966-09-01 00:00:00'),(33344,'Anna','A','Albright','anna0@notreallybestbuy.com','197-555-0143','Production Supervisor - WC60','1971-09-08 00:00:00'),(33345,'Sean','P','Jacobson','sean2@notreallybestbuy.com','555-555-0162','Production Technician - WC30','1994-12-03 00:00:00'),(33346,'Michael',NULL,'Allen','michael10@notreallybestbuy.com','607-555-0193','Production Technician - WC40','1970-12-15 00:00:00'),(33347,'Sabria','B','Appelbaum','sabria0@notreallybestbuy.com','922-555-0193','Production Technician - WC50','1993-02-27 00:00:00'),(33348,'Daniel',NULL,'Blanco','daniel0@notreallybestbuy.com','221-555-0167','Production Technician - WC50','1994-08-06 00:00:00'),(33349,'Douglas','A','Baldwin','douglas1@notreallybestbuy.com','583-555-0130','Production Supervisor - WC40','1977-09-27 00:00:00'),(33350,'Wayne','N','Banack','wayne0@notreallybestbuy.com','640-555-0189','Control Specialist','1980-05-29 00:00:00'),(33351,'David',NULL,'Barber','david9@notreallybestbuy.com','752-555-0115','Production Technician - WC60','1972-01-27 00:00:00'),(33352,'Shaun',NULL,'Beasley','shaun0@notreallybestbuy.com','396-555-0187','Production Technician - WC50','1977-08-17 00:00:00'),(33353,'Bradley',NULL,'Beck','bradley0@notreallybestbuy.com','1 (11) 500 555-0127','Stocker','1994-06-01 00:00:00'),(33354,'Payton','P','Benson','payton0@notreallybestbuy.com','528-555-0183','Production Technician - WC40','1972-11-05 00:00:00'),(33355,'Alexander','J','Berger','alexander0@notreallybestbuy.com','519-555-0151','Production Supervisor - WC40','1973-08-02 00:00:00'),(33356,'John',NULL,'Berry','john11@notreallybestbuy.com','471-555-0181','Production Technician - WC40','1967-07-15 00:00:00'),(33357,'Mary','B','Billstrom','mary3@notreallybestbuy.com','1 (11) 500 555-0136','Scheduling Assistant','1991-12-08 00:00:00'),(33358,'Linda','E','Burnett','linda4@notreallybestbuy.com','121-555-0121','Application Specialist','1971-07-28 00:00:00'),(33359,'Randall',NULL,'Boseman','randall0@notreallybestbuy.com','383-555-0117','Production Supervisor - WC20','1995-02-20 00:00:00'),(33360,'Lester','J','Bowman','lester0@notreallybestbuy.com','844-555-0112','Quality Assurance Technician','1976-05-31 00:00:00'),(33361,'Richard',NULL,'Bready','richard1@notreallybestbuy.com','340-555-0131','Research and Development Engineer','1974-02-21 00:00:00'),(33362,'Willie','P','Brooks','willie0@notreallybestbuy.com','525-555-0174','Production Supervisor - WC45','1972-02-16 00:00:00'),(33363,'Dave','P','Browning','dave0@notreallybestbuy.com','428-555-0162','Production Technician - WC60','1974-10-26 00:00:00'),(33364,'Janaina Barreiro Gambaro',NULL,'Bueno','janainabarreirogambaro0@notreallybestbuy.com','476-555-0184','Production Technician - WC40','1972-03-14 00:00:00'),(33365,'Ingrid','K','Burkhardt','ingrid0@notreallybestbuy.com','857-555-0187','Production Technician - WC50','1969-06-03 00:00:00'),(33366,'Dana','H','Burnell','dana0@notreallybestbuy.com','1 (11) 500 555-0136','Production Technician - WC45','1995-04-01 00:00:00'),(33367,'Mari','B','Caldwell','mari0@notreallybestbuy.com','1 (11) 500 555-0118','Production Technician - WC50','1978-08-07 00:00:00'),(33368,'Joan','M','Campbell','joan0@notreallybestbuy.com','700-555-0155','Production Supervisor - WC45','1980-06-24 00:00:00'),(33369,'Chris',NULL,'Cannon','chris5@notreallybestbuy.com','118-555-0131','Production Technician - WC60','1974-09-01 00:00:00'),(33370,'Jovita','A','Carmody','jovita0@notreallybestbuy.com','646-555-0137','Production Technician - WC30','1975-10-25 00:00:00'),(33371,'Rob',NULL,'Caron','rob2@notreallybestbuy.com','620-555-0117','Production Technician - WC60','1981-05-07 00:00:00'),(33372,'Rosmarie','J','Carroll','rosmarie0@notreallybestbuy.com','244-555-0112','Production Technician - WC20','1975-01-09 00:00:00'),(33373,'Matthew','J','Cavallari','matthew1@notreallybestbuy.com','695-555-0161','Production Technician - WC30','1972-03-14 00:00:00'),(33374,'Stacey','M','Cereghino','stacey0@notreallybestbuy.com','351-555-0131','Production Technician - WC40','1976-05-10 00:00:00'),(33375,'Greg',NULL,'Chapman','greg1@notreallybestbuy.com','708-555-0169','Production Technician - WC50','1999-07-17 00:00:00'),(33376,'Mike','M','Choi','mike1@notreallybestbuy.com','727-555-0190','Accounts Payable Specialist','1974-04-09 00:00:00'),(33377,'Charles','M','Christensen','charles1@notreallybestbuy.com','334-555-0146','Production Technician - WC30','1992-04-24 00:00:00'),(33378,'Gina','N','Clark','gina0@notreallybestbuy.com','539-555-0142','Production Technician - WC50','1977-07-07 00:00:00'),(33379,'Jeanette','R','Cole','jeanette0@notreallybestbuy.com','159-555-0190','Production Technician - WC60','1976-09-07 00:00:00'),(33380,'Takiko','J','Collins','takiko0@notreallybestbuy.com','987-555-0126','Accountant','1994-08-01 00:00:00'),(33381,'Aaron',NULL,'Con','aaron0@notreallybestbuy.com','652-555-0115','Production Technician - WC60','1966-10-03 00:00:00'),(33382,'Stephanie',NULL,'Conroy','stephanie2@notreallybestbuy.com','752-555-0187','Production Technician - WC40','1966-01-23 00:00:00'),(33383,'Marlin','M','Coriell','marlin0@notreallybestbuy.com','941-555-0155','Production Technician - WC10','1996-10-20 00:00:00'),(33384,'Conor',NULL,'Cunningham','conor0@notreallybestbuy.com','115-555-0113','Production Technician - WC20','1968-06-01 00:00:00'),(33385,'Alvaro',NULL,'De Matos Miranda Filho','alvaro0@notreallybestbuy.com','551-555-0155','Production Technician - WC60','1970-03-02 00:00:00'),(33386,'Alexander','J','Deborde','alexander1@notreallybestbuy.com','394-555-0176','Production Technician - WC40','1967-04-03 00:00:00'),(33387,'Aidan',NULL,'Delaney','aidan0@notreallybestbuy.com','358-555-0188','Production Technician - WC40','1969-01-24 00:00:00'),(33388,'Gabriele',NULL,'Dickmann','gabriele0@notreallybestbuy.com','835-555-0116','Production Technician - WC20','1965-05-05 00:00:00'),(33389,'Rudolph','J','Dillon','rudolph0@notreallybestbuy.com','722-555-0169','Buyer','1968-07-05 00:00:00'),(33390,'Gerald','M','Drury','gerald0@notreallybestbuy.com','169-555-0178','Senior Design Engineer','1974-07-17 00:00:00'),(33391,'Shelley',NULL,'Dyck','shelley2@notreallybestbuy.com','716-555-0123','Sales Representative','1990-03-30 00:00:00'),(33392,'Carol','B','Elliott','carol2@notreallybestbuy.com','847-555-0151','Sales Representative','1969-02-19 00:00:00'),(33393,'Michael',NULL,'Emanuel','michael14@notreallybestbuy.com','1 (11) 500 555-0130','Sales Representative','1969-01-11 00:00:00'),(33394,'Julie','P','Estes','julie0@notreallybestbuy.com','1 (11) 500 555-0123','Pacific Sales Manager','1990-02-11 00:00:00'),(33395,'Ann','R','Evans','ann1@notreallybestbuy.com','252-555-0127','Store Rep','1972-05-15 00:00:00'),(33396,'Kelly',NULL,'Focht','kelly0@notreallybestbuy.com','272-555-0123','Store Rep','1971-10-01 00:00:00'),(33397,'Dorothy','J','Fox','dorothy1@notreallybestbuy.com','191-555-0198','Store Rep','1971-11-09 00:00:00'),(33398,'Susan','E','French','susan3@notreallybestbuy.com','994-555-0194','Store Rep','1971-04-30 00:00:00'),(33399,'Jon',NULL,'Ganio','jon0@notreallybestbuy.com','672-555-0112','Store Rep','1972-04-28 00:00:00'),(33400,'Janet','M','Gates','janet1@notreallybestbuy.com','710-555-0173','Store Rep','1979-01-06 00:00:00'),(33401,'Jim',NULL,'Geist','jim1@notreallybestbuy.com','724-555-0161','Store Rep','1993-03-20 00:00:00'),(33402,'Leo',NULL,'Giakoumakis','leo0@notreallybestbuy.com','1 (11) 500 555-0169','Store Rep','1980-06-17 00:00:00'),(33403,'David','L','Givens','david15@notreallybestbuy.com','605-555-0111','Store Rep','1967-12-27 00:00:00'),(33404,'Jossef',NULL,'Goldberg','jossef1@notreallybestbuy.com','621-555-0157','Store Rep','1971-02-18 00:00:00'),(33405,'Linda','L','Gonzales','linda6@notreallybestbuy.com','433-555-0162','Store Rep','1975-03-10 00:00:00'),(33406,'Jane','P','Greer','jane2@notreallybestbuy.com','737-555-0163','Store Rep','1993-03-28 00:00:00'),(33407,'Hattie','J','Haemon','hattie0@notreallybestbuy.com','141-555-0172','Store Rep','1974-05-13 00:00:00'),(33408,'Katherine',NULL,'Harding','katherine0@notreallybestbuy.com','926-555-0159','Store Rep','1974-08-26 00:00:00'),(33409,'Keith',NULL,'Harris','keith0@notreallybestbuy.com','170-555-0127','Store Rep','1976-07-06 00:00:00'),(33410,'Ann','T','Hass','ann2@notreallybestbuy.com','713-555-0168','Store Rep','1994-09-02 00:00:00'),(33411,'Jay',NULL,'Henningsen','jay3@notreallybestbuy.com','272-555-0126','Store Rep','1978-12-28 00:00:00'),(33412,'Deena','J','Herman','deena0@notreallybestbuy.com','1 (11) 500 555-0197','Store Rep','1991-03-26 00:00:00'),(33413,'Pam','L','Herrick','pam0@notreallybestbuy.com','456-555-0184','Store Rep','1979-12-08 00:00:00'),(33414,'Geneva','T','Hill','geneva0@notreallybestbuy.com','1 (11) 500 555-0144','Store Rep','1969-07-23 00:00:00'),(33415,'Helge',NULL,'Hoeing','helge0@notreallybestbuy.com','850-555-0198','Store Rep','1967-08-25 00:00:00'),(33416,'Eddie','M','Holmes','eddie0@notreallybestbuy.com','570-555-0199','Store Rep','1999-09-10 00:00:00'),(33417,'Curtis','P','Howard','curtis0@notreallybestbuy.com','555-555-0162','Store Rep','1968-12-13 00:00:00'),(33418,'George','M','Huckaby','george1@notreallybestbuy.com','851-555-0127','Store Rep','1977-08-15 00:00:00'),(33419,'Matthew','M','Hunter','matthew4@notreallybestbuy.com','482-555-0188','Store Rep','1977-04-12 00:00:00'),(33420,'Richard','L','Irwin','richard4@notreallybestbuy.com','367-555-0124','Store Rep','1972-07-28 00:00:00'),(33421,'Raman',NULL,'Iyer','raman0@notreallybestbuy.com','1 (11) 500 555-0112','Store Rep','1980-12-02 00:00:00'),(33422,'Jay',NULL,'Jamison','jay4@notreallybestbuy.com','1 (11) 500 555-0113','Store Rep','1993-11-20 00:00:00'),(33423,'Danielle','B','Johnson','danielle1@notreallybestbuy.com','356-555-0190','Store Rep','1973-02-07 00:00:00'),(33424,'Tamara',NULL,'Johnston','tamara0@notreallybestbuy.com','1 (11) 500 555-0187','Store Rep','1992-05-19 00:00:00'),(33425,'Jean',NULL,'Jordan','jean3@notreallybestbuy.com','207-555-0129','Store Rep','1972-02-11 00:00:00'),(33426,'Sandeep',NULL,'Kaliyath','sandeep1@notreallybestbuy.com','495-555-0113','Store Rep','1976-04-21 00:00:00'),(33427,'Judith','F','Krane','judith1@notreallybestbuy.com','165-555-0172','Store Rep','1992-03-18 00:00:00'),(33428,'Bonnie',NULL,'Kearney','bonnie1@notreallybestbuy.com','1 (11) 500 555-0116','Store Rep','1966-07-14 00:00:00'),(33429,'Joe',NULL,'Kim','joe1@notreallybestbuy.com','1 (11) 500 555-0144','Store Rep','1974-10-19 00:00:00'),(33430,'Tim',NULL,'Kim','tim0@notreallybestbuy.com','244-555-0115','Store Rep','1973-07-23 00:00:00'),(33431,'Christian',NULL,'Kleinerman','christian1@notreallybestbuy.com','362-555-0177','Store Rep','1966-08-24 00:00:00'),(33432,'Edward','J','Kozlowski','edward1@notreallybestbuy.com','1 (11) 500 555-0170','Store Rep','1972-10-19 00:00:00'),(33433,'James','J','Krow','james11@notreallybestbuy.com','265-555-0190','Store Rep','1971-01-21 00:00:00'),(33434,'Jeffrey','B','Kung','jeffrey2@notreallybestbuy.com','1 (11) 500 555-0127','Store Rep','1980-02-26 00:00:00'),(33435,'Cecilia','M','Laursen','cecilia0@notreallybestbuy.com','1 (11) 500 555-0181','Store Rep','1971-03-14 00:00:00'),(33436,'Michael','J','Lee','michael18@notreallybestbuy.com','396-555-0139','Store Rep','1978-10-26 00:00:00'),(33437,'Judy',NULL,'Lew','judy0@notreallybestbuy.com','195-555-0196','Store Rep','1965-12-31 00:00:00'),(33438,'Yale',NULL,'Li','yale0@notreallybestbuy.com','316-555-0138','Store Rep','1965-04-07 00:00:00'),(33439,'Joseph','M','Lique','joseph2@notreallybestbuy.com','119-555-0195','Store Rep','1966-04-09 00:00:00'),(33440,'Jinghao',NULL,'Liu','jinghao1@notreallybestbuy.com','928-555-0116','Store Rep','1966-11-23 00:00:00'),(33441,'Anita','R','Lucerne','anita0@notreallybestbuy.com','164-555-0118','Store Rep','1967-10-19 00:00:00'),(33442,'Judy','R','Lundahl','judy1@notreallybestbuy.com','260-555-0130','Store Rep','1966-02-04 00:00:00'),(33443,'Robert','P','Lyeba','robert8@notreallybestbuy.com','631-555-0155','Store Rep','1966-10-12 00:00:00'),(33444,'Walter','J','Mays','walter1@notreallybestbuy.com','245-555-0191','Store Rep','1972-01-05 00:00:00'),(33445,'Kathy','R','Marcovecchio','kathy0@notreallybestbuy.com','942-555-0141','Store Rep','1967-01-17 00:00:00'),(33446,'Cecelia','L','Marshall','cecelia0@notreallybestbuy.com','394-555-0168','Store Rep','1996-11-01 00:00:00'),(33447,'Steve',NULL,'Masters','steve2@notreallybestbuy.com','154-555-0115','Store Rep','1966-11-17 00:00:00'),(33448,'Robin','M','McGuigan','robin0@notreallybestbuy.com','431-555-0153','Store Rep','1993-03-13 00:00:00'),(33449,'Yvonne',NULL,'McKay','yvonne1@notreallybestbuy.com','623-555-0144','Store Rep','1969-03-14 00:00:00'),(33450,'Nellie','T','Medina','nellie0@notreallybestbuy.com','1 (11) 500 555-0162','Store Rep','1990-10-31 00:00:00'),(33451,'R. Morgan','L','Mendoza','rmorgan0@notreallybestbuy.com','963-555-0146','Store Rep','1970-08-09 00:00:00'),(33452,'Stephen','A','Mew','stephen4@notreallybestbuy.com','399-555-0114','Store Rep','1977-06-03 00:00:00'),(33453,'Matthew','J','Miller','matthew5@notreallybestbuy.com','1 (11) 500 555-0176','Store Rep','1974-04-11 00:00:00'),(33454,'Linda',NULL,'Mitchell','linda9@notreallybestbuy.com','1 (11) 500 555-0182','Store Rep','1971-05-06 00:00:00'),(33455,'Jonathan',NULL,'Moeller','jonathan0@notreallybestbuy.com','859-555-0100','Geek Squad','1990-11-18 00:00:00'),(33456,'Hillaine','N','Montera','hillaine0@notreallybestbuy.com','920-555-0100','Geek Squad','1987-02-04 00:00:00'),(33457,'Zheng',NULL,'Mu','zheng1@notreallybestbuy.com','945-555-0100','Geek Squad','1994-09-26 00:00:00'),(33458,'Ken',NULL,'Myer','ken2@notreallybestbuy.com','176-555-0100','Geek Squad','1989-03-09 00:00:00'),(33459,'Greg','F','Mohamed','greg4@notreallybestbuy.com','163-555-0100','Geek Squad','1986-04-19 00:00:00'),(33460,'Tina','S','O\'Dell','tina0@notreallybestbuy.com','173-555-0100','Geek Squad','1985-01-30 00:00:00'),(33461,'Lee','M','Olguin','lee1@notreallybestbuy.com','944-555-0100','Geek Squad','1996-01-26 00:00:00'),(33462,'Fred','A','Ortiz','fred2@notreallybestbuy.com','275-555-0100','Geek Squad','1986-04-07 00:00:00'),(33463,'Michiko',NULL,'Osada','michiko1@notreallybestbuy.com','288-555-0100','Geek Squad','1987-05-18 00:00:00'),(33464,'Mosha','M','Park','mosha0@notreallybestbuy.com','352-555-0100','Geek Squad','1990-11-05 00:00:00'),(33465,'Lionel',NULL,'Penuchot','lionel1@notreallybestbuy.com','718-555-0100','Geek Squad','1985-05-30 00:00:00'),(33466,'Jonathan',NULL,'Perera','jonathan1@notreallybestbuy.com','404-555-0100','Geek Squad','1986-04-07 00:00:00'),(33467,'Deborah',NULL,'Poe','deborah2@notreallybestbuy.com','331-555-0100','Geek Squad','1986-09-04 00:00:00'),(33468,'Cheryl','J','Pompa','cheryl1@notreallybestbuy.com','433-555-0100','Geek Squad','1986-06-20 00:00:00'),(33469,'Sean',NULL,'Purcell','sean5@notreallybestbuy.com','130-555-0100','Geek Squad','1987-03-13 00:00:00'),(33470,'Kim',NULL,'Ralls','kim4@notreallybestbuy.com','193-555-0100','Geek Squad','1987-03-07 00:00:00'),(33471,'Arvind','B','Rao','arvind1@notreallybestbuy.com','141-555-0100','Geek Squad','1993-02-25 00:00:00'),(33472,'Suzann','K','Reams','suzann0@notreallybestbuy.com','354-555-0100','Geek Squad','1988-06-07 00:00:00'),(33473,'Constance','J','Remmington','constance1@notreallybestbuy.com','537-555-0100','Geek Squad','1997-10-07 00:00:00'),(33474,'Jack','S','Richins','jack3@notreallybestbuy.com','705-555-0100','Geek Squad','1989-07-19 00:00:00'),(33475,'Carol Ann','F','Rockne','carolann0@notreallybestbuy.com','439-555-0100','Geek Squad','1991-02-06 00:00:00'),(33476,'Eric',NULL,'Rothenberg','eric9@notreallybestbuy.com','326-555-0100','Geek Squad','1991-09-30 00:00:00'),(33477,'Michael',NULL,'Ruggiero','michael23@notreallybestbuy.com','227-555-0100','Geek Squad','1989-10-30 00:00:00'),(33478,'Lane',NULL,'Sacksteder','lane1@notreallybestbuy.com','114-555-0100','Geek Squad','1987-05-08 00:00:00'),(33479,'John','J','Sandstone','john27@notreallybestbuy.com','114-555-0100','Geek Squad','1988-04-14 00:00:00'),(33480,'Ken',NULL,'Sanchez','ken3@notreallybestbuy.com','967-555-0100','Geek Squad','1999-12-12 00:00:00'),(33481,'Vadim',NULL,'Sazanovich','vadim0@notreallybestbuy.com','958-555-0100','Geek Squad','1987-03-27 00:00:00'),(33482,'Barbara','R','Schultz','barbara7@notreallybestbuy.com','558-555-0100','Geek Squad','1994-09-18 00:00:00'),(33483,'Birgit',NULL,'Seidel','birgit0@notreallybestbuy.com','492-555-0100','Geek Squad','1988-11-18 00:00:00'),(33484,'David','B','Shepard','david23@notreallybestbuy.com','192-555-0100','Geek Squad','1989-03-02 00:00:00'),(33485,'Marty','E','Simpson','marty0@notreallybestbuy.com','288-555-0100','Geek Squad','1989-12-20 00:00:00'),(33486,'Anders','B','Skjonaa','anders0@notreallybestbuy.com','685-555-0100','Geek Squad','1990-06-29 00:00:00'),(33487,'Cathy','J','Sloan','cathy0@notreallybestbuy.com','756-555-0100','Geek Squad','1986-05-18 00:00:00'),(33488,'Peggy','R','Smith','peggy1@notreallybestbuy.com','153-555-0100','Geek Squad','1986-02-11 00:00:00'),(33489,'David',NULL,'So','david25@notreallybestbuy.com','349-555-0100','Geek Squad','1986-03-07 00:00:00'),(33490,'Lolan',NULL,'Song','lolan1@notreallybestbuy.com','504-555-0100','Geek Squad','1989-09-12 00:00:00'),(33491,'Sylvia','N','Spencer','sylvia1@notreallybestbuy.com','173-555-0100','Geek Squad','1994-12-16 00:00:00'),(33492,'Laura','C','Steele','laura3@notreallybestbuy.com','741-555-0173','Geek Squad','1990-12-13 00:00:00'),(33493,'Stefano',NULL,'Stefani','stefano0@notreallybestbuy.com','1 (11) 500 555-0115','Geek Squad','1992-01-17 00:00:00'),(33494,'Vassar','J','Stern','vassar0@notreallybestbuy.com','328-555-0123','Geek Squad','1986-10-20 00:00:00'),(33495,'Louis','B','Stotka','louis0@notreallybestbuy.com','601-555-0151','Geek Squad','1986-12-30 00:00:00'),(33496,'Charles','J','Strange','charles2@notreallybestbuy.com','112-555-0160','Geek Squad','1991-01-03 00:00:00'),(33497,'Michael',NULL,'Sullivan','michael24@notreallybestbuy.com','323-555-0113','Geek Squad','1991-01-03 00:00:00'),(33498,'Abraham','L','Swearengin','abraham0@notreallybestbuy.com','926-555-0136','Geek Squad','1996-11-01 00:00:00'),(33499,'Shelly',NULL,'Szymanski','shelly0@notreallybestbuy.com','238-555-0163','Geek Squad','1990-08-31 00:00:00'),(33500,'Damon','A','Taylor','damon0@notreallybestbuy.com','825-555-0187','Geek Squad','1993-10-07 00:00:00'),(33501,'Jeff','E','Teper','jeff6@notreallybestbuy.com','214-555-0170','Geek Squad','1993-09-30 00:00:00'),(33502,'Ram',NULL,'Thirunavukkarasu','ram0@notreallybestbuy.com','1 (11) 500 555-0114','Geek Squad','1988-02-18 00:00:00'),(33503,'Donald','M','Thompson','donald1@notreallybestbuy.com','273-555-0111','Geek Squad','1988-02-18 00:00:00'),(33504,'Andrea','A','Thomsen','andrea1@notreallybestbuy.com','1 (11) 500 555-0120','Geek Squad','1985-04-17 00:00:00'),(33505,'Mike',NULL,'Tiano','mike7@notreallybestbuy.com','430-555-0121','Geek Squad','1993-03-01 00:00:00'),(33506,'Olga','J','Trau','olga0@notreallybestbuy.com','398-555-0167','Geek Squad','1992-10-22 00:00:00'),(33507,'Billy','J','Trent','billy0@notreallybestbuy.com','882-555-0115','Geek Squad','1988-02-06 00:00:00'),(33508,'Phyllis','B','Tuffield','phyllis3@notreallybestbuy.com','277-555-0182','Geek Squad','1994-12-13 00:00:00'),(33509,'Sunil',NULL,'Uppal','sunil0@notreallybestbuy.com','184-555-0187','Geek Squad','1990-04-19 00:00:00'),(33510,'Esther','K','Valle','esther0@notreallybestbuy.com','481-555-0131','Geek Squad','1992-10-29 00:00:00'),(33511,'Margaret','J','Vanderkamp','margaret2@notreallybestbuy.com','265-555-0143','Geek Squad','1991-09-08 00:00:00'),(33512,'Patricia','M','Vasquez','patricia2@notreallybestbuy.com','490-555-0132','Geek Squad','1989-12-03 00:00:00'),(33513,'Helen','J','Vlass','helen3@notreallybestbuy.com','579-555-0100','Geek Squad','1988-02-27 00:00:00'),(33514,'Florian',NULL,'Voss','florian0@notreallybestbuy.com','987-555-0100','Geek Squad','1989-12-19 00:00:00'),(33515,'Julie','P','Waggoner','julie2@notreallybestbuy.com','195-555-0100','Geek Squad','1991-01-13 00:00:00'),(33516,'Jian','S','Wang','jian0@notreallybestbuy.com','441-555-0100','Geek Squad','1989-08-06 00:00:00'),(33517,'Ruth','B','Ward','ruth3@notreallybestbuy.com','469-555-0100','Geek Squad','1987-09-27 00:00:00'),(33518,'Kristin','M','Watts','kristin1@notreallybestbuy.com','321-555-0100','Geek Squad','1987-01-27 00:00:00'),(33519,'Alexandra','K','Wellington','alexandra0@notreallybestbuy.com','317-555-0100','Geek Squad','1988-06-17 00:00:00'),(33520,'Sam','L','Wheeler','sam0@notreallybestbuy.com','477-555-0100','Geek Squad','1987-08-17 00:00:00'),(33521,'Cynthia','J','White','cynthia2@notreallybestbuy.com','464-555-0100','Geek Squad','1989-06-01 00:00:00'),(33522,'Shawn','M','Whitney','shawn1@notreallybestbuy.com','803-555-0100','Geek Squad','1997-01-01 00:00:00'),(33523,'Jay','J','Wilkie','jay5@notreallybestbuy.com','813-555-0100','Geek Squad','1987-11-05 00:00:00'),(33524,'Dan',NULL,'Wilson','dan2@notreallybestbuy.com','751-555-0100','Geek Squad','1988-12-21 00:00:00'),(33525,'John',NULL,'Wood','john29@notreallybestbuy.com','873-555-0100','Geek Squad','1992-07-15 00:00:00'),(33526,'Peng',NULL,'Wu','peng1@notreallybestbuy.com','306-555-0100','Geek Squad','1986-02-04 00:00:00'),(33527,'Tai',NULL,'Yee','tai0@notreallybestbuy.com','953-555-0100','Geek Squad','1991-07-28 00:00:00'),(33528,'Wei',NULL,'Yu','wei0@notreallybestbuy.com','870-555-0100','Geek Squad','1985-02-20 00:00:00'),(33529,'Greg',NULL,'Yvkoff','greg5@notreallybestbuy.com','110-555-0100','Geek Squad','1986-05-31 00:00:00'),(33530,'Michael',NULL,'Zeman','michael27@notreallybestbuy.com','240-555-0100','Geek Squad','1994-02-21 00:00:00'),(33531,'Judy','N','Zugelder','judy4@notreallybestbuy.com','611-555-0100','Geek Squad','1987-02-16 00:00:00'),(33532,'Terri','L','Duffy','terri0@notreallybestbuy.com','819-555-0175','Geek Squad','1999-01-17 00:00:00'),(33533,'Sharon','B','Salavaria','sharon0@notreallybestbuy.com','970-555-0138','Geek Squad','1989-10-26 00:00:00'),(33534,'Ovidiu','V','Cracium','ovidiu0@notreallybestbuy.com','719-555-0181','Geek Squad','1988-01-22 00:00:00'),(33535,'Jillian',NULL,'Carson','jillian0@notreallybestbuy.com','517-555-0117','Geek Squad','1994-06-03 00:00:00'),(33536,'Ranjit','R','Varkey Chudukatil','ranjit0@notreallybestbuy.com','1 (11) 500 555-0117','Geek Squad','1987-11-06 00:00:00'),(33537,'Mary','A','Dempsey','mary2@notreallybestbuy.com','124-555-0114','Geek Squad','1986-03-13 00:00:00'),(33538,'Sheela','H','Word','sheela0@notreallybestbuy.com','210-555-0193','Geek Squad','1994-09-01 00:00:00'),(33539,'Ben','T','Miller','ben0@notreallybestbuy.com','151-555-0113','Geek Squad','1993-09-05 00:00:00'),(33540,'Frank','S','Pellow','frank2@notreallybestbuy.com','163-555-0147','Geek Squad','1985-10-25 00:00:00'),(33541,'Dylan','A','Miller','dylan0@notreallybestbuy.com','181-555-0156','Geek Squad','1986-05-07 00:00:00'),(33542,'James','R','Hamilton','james1@notreallybestbuy.com','870-555-0122','Geek Squad','1985-01-09 00:00:00'),(33543,'Lori','A','Kane','lori0@notreallybestbuy.com','289-555-0196','Geek Squad','1994-10-06 00:00:00'),(33544,'Taylor','R','Maxwell','taylor0@notreallybestbuy.com','508-555-0165','Geek Squad','1989-07-17 00:00:00'),(33545,'Jeffrey','L','Ford','jeffrey0@notreallybestbuy.com','984-555-0185','Geek Squad','1994-09-21 00:00:00'),(33546,'Christopher','E','Hill','christopher0@notreallybestbuy.com','153-555-0166','Geek Squad','1987-04-24 00:00:00'),(33547,'Mary','R','Baker','mary1@notreallybestbuy.com','283-555-0185','Geek Squad','1987-07-07 00:00:00'),(33548,'Hung-Fu','T','Ting','hung-fu0@notreallybestbuy.com','497-555-0181','Geek Squad','1986-09-07 00:00:00'),(33595,'Gustavo',NULL,'Achong','gustavo0@notreallybestbuy.com','398-555-0132','Production Technician - WC60','1972-05-15 00:00:00'),(33596,'Catherine','R','Abel','catherine0@notreallybestbuy.com','747-555-0171','Marketing Assistant','1977-06-03 00:00:00'),(33597,'Humberto',NULL,'Acevedo','humberto0@notreallybestbuy.com','599-555-0127','Senior Tool Designer','1990-01-23 00:00:00'),(33598,'Pilar',NULL,'Ackerman','pilar1@notreallybestbuy.com','1 (11) 500 555-0132','Tool Designer','1994-08-29 00:00:00'),(33599,'Carla','J','Adams','carla0@notreallybestbuy.com','107-555-0138','Production Technician - WC10','1991-07-06 00:00:00'),(33600,'Ronald','L','Adina','ronald0@notreallybestbuy.com','453-555-0165','Production Technician - WC10','1991-04-27 00:00:00'),(33601,'Lili','J','Alameda','lili0@notreallybestbuy.com','1 (11) 500 555-0150','Production Supervisor - WC60','1991-11-09 00:00:00'),(33602,'Amy','E','Alberts','amy1@notreallybestbuy.com','727-555-0115','Production Technician - WC10','1971-05-06 00:00:00'),(33603,'Milton','J','Albury','milton0@notreallybestbuy.com','492-555-0189','Production Technician - WC10','1971-04-30 00:00:00'),(33604,'Paul','L','Alcorn','paul2@notreallybestbuy.com','331-555-0162','Production Technician - WC30','1987-06-15 00:00:00'),(33605,'Michelle',NULL,'Alexander','michelle0@notreallybestbuy.com','115-555-0175','Production Technician - WC45','1965-11-18 00:00:00'),(33606,'Phyllis','A','Allen','phyllis0@notreallybestbuy.com','695-555-0111','Production Supervisor - WC10','1993-11-26 00:00:00'),(33607,'Oscar','L','Alpuerto','oscar0@notreallybestbuy.com','855-555-0174','Production Technician - WC50','1976-06-30 00:00:00'),(33608,'Selena','R','Alvarado','selena0@notreallybestbuy.com','781-555-0199','Production Technician - WC40','1979-01-06 00:00:00'),(33609,'Emilio','R','Alvaro','emilio0@notreallybestbuy.com','178-555-0129','Production Technician - WC30','1994-09-26 00:00:00'),(33610,'Mae','N','Anderson','mae0@notreallybestbuy.com','1 (11) 500 555-0181','Stocker','1973-03-20 00:00:00'),(33611,'Hannah','R','Arakawa','hannah0@notreallybestbuy.com','500-555-0134','Production Technician - WC60','1980-06-17 00:00:00'),(33612,'Kyley','J','Arbelaez','kyley0@notreallybestbuy.com','717-555-0131','Production Supervisor - WC50','1979-03-09 00:00:00'),(33613,'Thomas','B','Armstrong','thomas1@notreallybestbuy.com','226-555-0146','Production Technician - WC45','1999-05-17 00:00:00'),(33614,'John',NULL,'Arthur','john6@notreallybestbuy.com','149-555-0113','Quality Assurance Supervisor','1971-04-19 00:00:00'),(33615,'Teresa',NULL,'Atkinson','teresa0@notreallybestbuy.com','129-555-0110','Production Technician - WC50','1967-12-27 00:00:00'),(33616,'Stephen','M','Ayers','stephen1@notreallybestbuy.com','818-555-0171','Marketing Specialist','1977-06-21 00:00:00'),(33617,'Phillip','M','Bacalzo','phillip0@notreallybestbuy.com','1 (11) 500 555-0187','Recruiter','1973-08-18 00:00:00'),(33618,'James','B','Bailey','james3@notreallybestbuy.com','234-555-0112','Production Technician - WC30','1993-05-03 00:00:00'),(33619,'Alberto','F','Baltazar','alberto0@notreallybestbuy.com','780-555-0114','Production Technician - WC60','1975-01-30 00:00:00'),(33620,'Robert','L','Barker','robert3@notreallybestbuy.com','241-555-0112','Production Technician - WC50','1973-03-28 00:00:00'),(33621,'Rebecca','R','Barley','rebecca1@notreallybestbuy.com','1 (11) 500 555-0151','Accounts Receivable Specialist','1971-04-07 00:00:00'),(33622,'Josh',NULL,'Barnhill','josh0@notreallybestbuy.com','584-555-0192','Production Technician - WC30','1973-11-19 00:00:00'),(33623,'Adam',NULL,'Barr','adam0@notreallybestbuy.com','726-555-0191','Production Technician - WC30','1972-05-18 00:00:00'),(33624,'Gytis','M','Barzdukas','gytis0@notreallybestbuy.com','257-555-0119','Production Supervisor - WC10','1994-05-13 00:00:00'),(33625,'Ciro','J','Bauer','ciro0@notreallybestbuy.com','115-555-0170','Production Technician - WC50','1974-09-16 00:00:00'),(33626,'Glenna','L','Beanston','glenna0@notreallybestbuy.com','1 (11) 500 555-0113','Production Technician - WC40','1990-11-05 00:00:00'),(33627,'Christopher','R','Beck','christopher1@notreallybestbuy.com','1 (11) 500 555-0132','Finance Manager','1974-11-12 00:00:00'),(33628,'Benjamin','J','Becker','benjamin1@notreallybestbuy.com','1 (11) 500 555-0140','Production Technician - WC30','1970-12-06 00:00:00'),(33629,'Ann',NULL,'Beebe','ann0@notreallybestbuy.com','277-555-0169','Production Supervisor - WC50','1970-05-30 00:00:00'),(33630,'Stanley','A','Alan','stanley0@notreallybestbuy.com','156-555-0126','Production Technician - WC60','1994-08-26 00:00:00'),(33631,'Ido',NULL,'Ben-Sachar','ido0@notreallybestbuy.com','973-555-0112','Research and Development Engineer','1976-07-06 00:00:00'),(33632,'Edna','J','Benson','edna0@notreallybestbuy.com','789-555-0189','Production Technician - WC60','1987-08-11 00:00:00'),(33633,'Max',NULL,'Benson','max0@notreallybestbuy.com','599-555-0160','Recruiter','1974-09-02 00:00:00'),(33634,'Scot','A','Bent','scot0@notreallybestbuy.com','1 (11) 500 555-0177','Production Technician - WC50','1973-07-01 00:00:00'),(33635,'Marian','M','Berch','marian0@notreallybestbuy.com','640-555-0198','Shipping and Receiving Supervisor','1987-10-11 00:00:00'),(33636,'Karen',NULL,'Berge','karen2@notreallybestbuy.com','813-555-0173','Production Technician - WC30','1971-09-04 00:00:00'),(33637,'Kris','R','Bergin','kris0@notreallybestbuy.com','144-555-0175','Production Technician - WC60','1976-06-20 00:00:00'),(33638,'Matthias',NULL,'Berndt','matthias1@notreallybestbuy.com','384-555-0169','Production Technician - WC20','1999-03-19 00:00:00'),(33639,'Steven','B','Brown','steven1@notreallybestbuy.com','280-555-0124','Accounts Receivable Specialist','1971-03-26 00:00:00'),(33640,'Chris','N','Bidelman','chris4@notreallybestbuy.com','609-555-0186','Production Technician - WC50','1989-04-29 00:00:00'),(33641,'Jimmy',NULL,'Bischoff','jimmy1@notreallybestbuy.com','992-555-0111','Production Technician - WC30','1979-12-08 00:00:00'),(33642,'Jackie','E','Blackwell','jackie0@notreallybestbuy.com','972-555-0163','Production Technician - WC20','1989-10-24 00:00:00'),(33643,'Donald','L','Blanton','donald0@notreallybestbuy.com','357-555-0161','Production Technician - WC50','1972-03-07 00:00:00'),(33644,'Michael','G','Blythe','michael11@notreallybestbuy.com','126-555-0172','Assistant to the Chief Financial Officer','1969-07-23 00:00:00'),(33645,'Corinna',NULL,'Bolender','corinna0@notreallybestbuy.com','332-555-0142','Marketing Specialist','1967-10-14 00:00:00'),(33646,'Luis',NULL,'Bonifaz','luis0@notreallybestbuy.com','688-555-0113','Production Technician - WC50','1973-06-07 00:00:00'),(33647,'Stephanie',NULL,'Bourne','stephanie1@notreallybestbuy.com','1 (11) 500 555-0122','Chief Executive Officer','1974-03-02 00:00:00'),(33648,'Cornelius','L','Brandon','cornelius0@notreallybestbuy.com','229-555-0114','Production Technician - WC30','1976-11-24 00:00:00'),(33649,'Sara','N','Breer','sara0@notreallybestbuy.com','545-555-0183','Production Technician - WC20','2000-12-05 00:00:00'),(33650,'Ted',NULL,'Bremer','ted0@notreallybestbuy.com','962-555-0166','Production Technician - WC40','1997-10-07 00:00:00'),(33651,'Walter','J','Brian','walter0@notreallybestbuy.com','163-555-0155','Production Technician - WC50','1979-09-10 00:00:00'),(33652,'John','R','Brooks','john12@notreallybestbuy.com','1 (11) 500 555-0179','Production Technician - WC60','1968-09-28 00:00:00'),(33653,'Carolee','J','Brown','carolee0@notreallybestbuy.com','1 (11) 500 555-0146','Production Technician - WC30','1997-08-15 00:00:00'),(33654,'Jo',NULL,'Brown','jo2@notreallybestbuy.com','689-555-0130','Production Technician - WC20','1989-08-02 00:00:00'),(33655,'Kevin','F','Browne','kevin3@notreallybestbuy.com','496-555-0150','Document Control Assistant','1977-04-12 00:00:00'),(33656,'Mary','K','Browning','mary5@notreallybestbuy.com','658-555-0146','Database Administrator','1991-02-06 00:00:00'),(33657,'Eric','J','Brumfield','eric3@notreallybestbuy.com','644-555-0114','Production Technician - WC50','1966-09-30 00:00:00'),(33658,'Shirley','R','Bruner','shirley0@notreallybestbuy.com','383-555-0155','Production Technician - WC30','1976-02-06 00:00:00'),(33659,'Dirk','J','Bruno','dirk0@notreallybestbuy.com','817-555-0114','Production Technician - WC45','1980-12-02 00:00:00'),(33660,'Nancy',NULL,'Buchanan','nancy1@notreallybestbuy.com','1 (11) 500 555-0183','Production Technician - WC60','1979-10-30 00:00:00'),(33661,'Edward','T','Buensalido','edward0@notreallybestbuy.com','315-555-0166','Accounts Manager','1973-08-08 00:00:00'),(33662,'Karren','K','Burkhardt','karren0@notreallybestbuy.com','652-555-0132','Production Technician - WC30','1973-11-20 00:00:00'),(33663,'Timothy','B','Burnett','timothy0@notreallybestbuy.com','251-555-0172','Quality Assurance Technician','1999-04-29 00:00:00'),(33664,'Stephen','R','Burton','stephen2@notreallybestbuy.com','1 (11) 500 555-0129','Production Technician - WC30','1979-02-09 00:00:00'),(33665,'Jared','L','Bustamante','jared0@notreallybestbuy.com','164-555-0147','Vice President of Production','1993-02-07 00:00:00'),(33666,'Richard','A','Byham','richard2@notreallybestbuy.com','1 (11) 500 555-0138','Application Specialist','1978-04-14 00:00:00'),(33667,'Ryan',NULL,'Calafato','ryan1@notreallybestbuy.com','726-555-0155','Production Technician - WC20','1977-12-23 00:00:00'),(33668,'Sylvia','A','Caldwell','sylvia0@notreallybestbuy.com','1 (11) 500 555-0122','Production Technician - WC40','1999-12-12 00:00:00'),(33669,'Lindsey','R','Camacho','lindsey0@notreallybestbuy.com','827-555-0143','Production Technician - WC45','2000-05-14 00:00:00'),(33670,'DeeDee','J','Cameron','deedee0@notreallybestbuy.com','377-555-0158','Production Technician - WC60','1972-02-11 00:00:00'),(33671,'Deborah','M','Lee','deborah1@notreallybestbuy.com','1 (11) 500 555-0190','Research and Development Manager','1977-03-27 00:00:00'),(33672,'David',NULL,'Campbell','david14@notreallybestbuy.com','756-555-0117','Production Technician - WC20','1996-05-06 00:00:00'),(33673,'Joseph','J','Cantoni','joseph0@notreallybestbuy.com','965-555-0112','Production Technician - WC50','1976-04-21 00:00:00'),(33674,'Suzana De Abreu','A','Canuto','suzanadeabreu0@notreallybestbuy.com','990-555-0141','Buyer','1994-09-18 00:00:00'),(33675,'Johnny','A','Caprio','johnny0@notreallybestbuy.com','112-555-0191','Accounts Payable Specialist','1972-03-18 00:00:00'),(33676,'Richard',NULL,'Carey','richard3@notreallybestbuy.com','1 (11) 500 555-0140','Production Technician - WC30','1978-11-18 00:00:00'),(33677,'Jane','N','Carmichael','jane0@notreallybestbuy.com','716-555-0167','Scheduling Assistant','1994-04-30 00:00:00'),(33678,'Steve','J','Carnes','steve1@notreallybestbuy.com','268-555-0184','Production Technician - WC40','1980-11-07 00:00:00'),(33679,'Fernando',NULL,'Caro','fernando0@notreallybestbuy.com','1 (11) 500 555-0163','Production Supervisor - WC30','1979-03-02 00:00:00'),(33680,'Matthew',NULL,'Carroll','matthew0@notreallybestbuy.com','1 (11) 500 555-0191','Accountant','1971-02-04 00:00:00'),(33681,'Joseph','N','Castellucio','joseph1@notreallybestbuy.com','180-555-0114','Production Technician - WC50','1980-09-04 00:00:00'),(33682,'Raul','E','Casts','raul0@notreallybestbuy.com','362-555-0162','Production Technician - WC45','1974-10-19 00:00:00'),(33683,'Brigid','F','Cavendish','brigid0@notreallybestbuy.com','1 (11) 500 555-0178','Production Supervisor - WC30','1993-07-23 00:00:00'),(33684,'Andrew',NULL,'Cencini','andrew2@notreallybestbuy.com','644-555-0111','Production Supervisor - WC10','1998-10-08 00:00:00'),(33685,'Sean',NULL,'Chai','sean3@notreallybestbuy.com','1 (11) 500 555-0134','Network Administrator','1990-06-29 00:00:00'),(33686,'Forrest','J','Chandler','forrest0@notreallybestbuy.com','448-555-0179','Production Technician - WC40','1991-06-29 00:00:00'),(33687,'Lee','J','Chapla','lee0@notreallybestbuy.com','223-555-0184','Human Resources Administrative Assistant','1971-05-18 00:00:00'),(33688,'Neil',NULL,'Charney','neil0@notreallybestbuy.com','1 (11) 500 555-0180','Production Technician - WC45','1978-04-15 00:00:00'),(33689,'Hao',NULL,'Chen','hao1@notreallybestbuy.com','117-555-0173','Production Technician - WC60','1976-02-11 00:00:00'),(33690,'Yao-Qiang',NULL,'Cheng','yao-qiang0@notreallybestbuy.com','344-555-0181','Production Supervisor - WC45','1970-08-19 00:00:00'),(33691,'Susan','B','Chestnut','susan2@notreallybestbuy.com','1 (11) 500 555-0181','Production Technician - WC20','1971-01-21 00:00:00'),(33692,'Martin',NULL,'Chisholm','martin0@notreallybestbuy.com','1 (11) 500 555-0142','Quality Assurance Manager','1987-11-27 00:00:00'),(33693,'Ruth','A','Choin','ruth1@notreallybestbuy.com','273-555-0181','Production Technician - WC50','1980-02-26 00:00:00'),(33694,'Jill','J','Christie','jill1@notreallybestbuy.com','927-555-0198','Production Technician - WC30','1993-06-13 00:00:00'),(33695,'Alice',NULL,'Clark','alice1@notreallybestbuy.com','221-555-0141','Scheduling Assistant','1974-09-12 00:00:00'),(33696,'Teanna','M','Cobb','teanna0@notreallybestbuy.com','661-555-0168','Production Technician - WC45','1978-10-26 00:00:00'),(33697,'Connie','L','Coffman','connie0@notreallybestbuy.com','426-555-0181','Control Specialist','1997-06-26 00:00:00'),(33698,'Eric','E','Coleman','eric4@notreallybestbuy.com','1 (11) 500 555-0140','Production Technician - WC20','1977-01-08 00:00:00'),(33699,'Pat',NULL,'Coleman','pat2@notreallybestbuy.com','292-555-0128','Production Technician - WC40','1998-06-11 00:00:00'),(33700,'Scott','A','Colvin','scott1@notreallybestbuy.com','119-555-0144','Facilities Manager','1966-03-21 00:00:00'),(33701,'Amy','R','Consentino','amy2@notreallybestbuy.com','1 (11) 500 555-0133','Buyer','1965-12-31 00:00:00'),(33702,'Scott',NULL,'Cooper','scott2@notreallybestbuy.com','773-555-0182','Production Technician - WC60','1965-04-07 00:00:00'),(33703,'Eva',NULL,'Corets','eva0@notreallybestbuy.com','542-555-0164','Production Technician - WC10','1976-10-20 00:00:00'),(33704,'Ryan',NULL,'Cornelsen','ryan2@notreallybestbuy.com','1 (11) 500 555-0147','Production Technician - WC40','1966-04-09 00:00:00'),(33705,'Bruno',NULL,'Costa Da Silva','bruno0@notreallybestbuy.com','140-555-0143','Production Technician - WC10','1996-10-11 00:00:00'),(33706,'Jack',NULL,'Creasey','jack2@notreallybestbuy.com','539-555-0182','Production Technician - WC20','1966-11-23 00:00:00'),(33707,'Sharon','A','Crow','sharon1@notreallybestbuy.com','889-555-0176','Buyer','1971-12-30 00:00:00'),(33708,'Grant',NULL,'Culbertson','grant1@notreallybestbuy.com','859-555-0173','Production Technician - WC60','1992-01-14 00:00:00'),(33709,'Scott',NULL,'Culp','scott3@notreallybestbuy.com','119-555-0167','Production Technician - WC40','1966-01-03 00:00:00'),(33710,'Thierry',NULL,'D\'Hers','thierry1@notreallybestbuy.com','680-555-0192','Production Technician - WC20','1969-10-11 00:00:00'),(33711,'Mike',NULL,'Danseglio','mike2@notreallybestbuy.com','219-555-0126','Buyer','1967-10-19 00:00:00'),(33712,'Jose',NULL,'De Oliveira','jose3@notreallybestbuy.com','188-555-0152','Buyer','1966-02-04 00:00:00'),(33713,'Kirk',NULL,'DeGrasse','kirk1@notreallybestbuy.com','820-555-0166','Production Technician - WC10','1996-11-01 00:00:00'),(33714,'Stefan',NULL,'Delmarco','stefan0@notreallybestbuy.com','819-555-0186','Production Technician - WC20','1986-10-06 00:00:00'),(33715,'Shawn','R','Demicell','shawn0@notreallybestbuy.com','175-555-0198','Janitor','1965-08-31 00:00:00'),(33716,'Helen','J','Dennis','helen0@notreallybestbuy.com','572-555-0156','Production Technician - WC60','1968-10-07 00:00:00'),(33717,'Bev','L','Desalvo','bev0@notreallybestbuy.com','143-555-0113','Production Technician - WC10','1996-10-29 00:00:00'),(33718,'Brenda',NULL,'Diaz','brenda2@notreallybestbuy.com','147-555-0192','Production Technician - WC40','1968-09-30 00:00:00'),(33719,'Andrew',NULL,'Dixon','andrew3@notreallybestbuy.com','576-555-0171','Production Technician - WC10','1976-11-01 00:00:00'),(33720,'Blaine',NULL,'Dockter','blaine0@notreallybestbuy.com','156-555-0187','Senior Tool Designer','1973-02-18 00:00:00'),(33721,'John','T','Donovan','john15@notreallybestbuy.com','754-555-0134','Tool Designer','1999-06-29 00:00:00'),(33722,'Gary','T','Drury','gary2@notreallybestbuy.com','698-555-0183','North American Sales Manager','1966-11-17 00:00:00'),(33723,'Reuben',NULL,'D\'sa','reuben1@notreallybestbuy.com','916-555-0137','Marketing Assistant','1970-04-17 00:00:00'),(33724,'Bernard',NULL,'Duerr','bernard0@notreallybestbuy.com','158-555-0188','Marketing Specialist','1973-04-06 00:00:00'),(33725,'Tish','R','Duff','tish0@notreallybestbuy.com','1 (11) 500 555-0178','Marketing Assistant','1993-03-01 00:00:00'),(33726,'Bart',NULL,'Duncan','bart0@notreallybestbuy.com','539-555-0121','Purchasing Manager','1973-03-13 00:00:00'),(33727,'Linda','R','Ecoffey','linda5@notreallybestbuy.com','674-555-0188','Sales Representative','1967-09-29 00:00:00'),(33728,'Carla','L','Eldridge','carla1@notreallybestbuy.com','186-555-0135','Sales Representative','1970-03-07 00:00:00'),(33729,'Jauna','E','Elson','jauna0@notreallybestbuy.com','185-555-0190','Sales Representative','1973-04-10 00:00:00'),(33730,'Terry',NULL,'Eminhizer','terry1@notreallybestbuy.com','1 (11) 500 555-0176','Sales Representative','1969-03-14 00:00:00'),(33731,'John',NULL,'Emory','john16@notreallybestbuy.com','691-555-0149','European Sales Manager','1992-10-22 00:00:00'),(33732,'Janeth',NULL,'Esteves','janeth1@notreallybestbuy.com','1 (11) 500 555-0136','Sales Representative','1970-08-09 00:00:00'),(33733,'Twanna','R','Evans','twanna0@notreallybestbuy.com','554-555-0124','Sales Representative','1986-04-18 00:00:00'),(33734,'John',NULL,'Evans','john17@notreallybestbuy.com','581-555-0172','Store Rep','1997-06-03 00:00:00'),(33735,'Marc',NULL,'Faeber','marc1@notreallybestbuy.com','1 (11) 500 555-0191','Store Rep','1969-12-13 00:00:00'),(33736,'Carolyn',NULL,'Farino','carolyn0@notreallybestbuy.com','957-555-0125','Store Rep','1994-08-29 00:00:00'),(33737,'Geri','P','Farrell','geri0@notreallybestbuy.com','329-555-0183','Store Rep','1990-04-19 00:00:00'),(33738,'Rhoda','J','Finley','rhoda0@notreallybestbuy.com','920-555-0191','Store Rep','1971-07-06 00:00:00'),(33739,'Jay',NULL,'Fluegel','jay2@notreallybestbuy.com','1 (11) 500 555-0119','Store Rep','1966-09-01 00:00:00'),(33740,'Jeffrey','L','Ford','jeffrey1@notreallybestbuy.com','395-555-0128','Store Rep','1991-05-03 00:00:00'),(33741,'Garth',NULL,'Fort','garth0@notreallybestbuy.com','768-555-0125','Store Rep','1991-08-12 00:00:00'),(33742,'Judith','B','Frazier','judith0@notreallybestbuy.com','721-555-0163','Store Rep','1971-05-06 00:00:00'),(33743,'Liam','J','Friedland','liam0@notreallybestbuy.com','991-555-0148','Store Rep','1987-06-15 00:00:00'),(33744,'Mihail',NULL,'Frintu','mihail1@notreallybestbuy.com','777-555-0163','Store Rep','1972-12-04 00:00:00'),(33745,'Paul','J','Fulton','paul3@notreallybestbuy.com','492-555-0146','Store Rep','1965-11-18 00:00:00'),(33746,'Don',NULL,'Funk','don1@notreallybestbuy.com','1 (11) 500 555-0137','Store Rep','1974-12-03 00:00:00'),(33747,'Aldeen','J','Gallagher','aldeen0@notreallybestbuy.com','653-555-0170','Store Rep','1992-02-04 00:00:00'),(33748,'Michael',NULL,'Galos','michael15@notreallybestbuy.com','912-555-0149','Store Rep','1970-12-15 00:00:00'),(33749,'Dominic','P','Gash','dominic0@notreallybestbuy.com','192-555-0173','Store Rep','1986-03-14 00:00:00'),(33750,'Darren',NULL,'Gehring','darren0@notreallybestbuy.com','417-555-0182','Store Rep','1973-08-27 00:00:00'),(33751,'Tom',NULL,'Getzinger','tom2@notreallybestbuy.com','1 (11) 500 555-0198','Store Rep','1973-02-27 00:00:00'),(33752,'Cornett','L','Gibbens','cornett0@notreallybestbuy.com','1 (11) 500 555-0112','Store Rep','1999-03-09 00:00:00'),(33753,'Janet','J','Gilliat','janet2@notreallybestbuy.com','521-555-0183','Store Rep','1971-04-19 00:00:00'),(33754,'Mary','M','Gimmi','mary6@notreallybestbuy.com','149-555-0196','Store Rep','1991-01-13 00:00:00'),(33755,'Jeanie','R','Glenn','jeanie0@notreallybestbuy.com','669-555-0149','Store Rep','1973-10-19 00:00:00'),(33756,'Diane','R','Glimp','diane3@notreallybestbuy.com','898-555-0137','Store Rep','1999-07-27 00:00:00'),(33757,'Scott',NULL,'Gode','scott4@notreallybestbuy.com','164-555-0145','Store Rep','1973-08-18 00:00:00'),(33758,'Brian','R','Goldstein','brian4@notreallybestbuy.com','495-555-0161','Store Rep','1993-05-03 00:00:00'),(33759,'Michael',NULL,'Graff','michael16@notreallybestbuy.com','132-555-0150','Store Rep','1980-05-29 00:00:00'),(33760,'Lowell','J','Graham','lowell0@notreallybestbuy.com','1 (11) 500 555-0168','Store Rep','1976-01-26 00:00:00'),(33761,'Jon',NULL,'Grande','jon1@notreallybestbuy.com','1 (11) 500 555-0114','Store Rep','1972-01-27 00:00:00'),(33762,'Geoff',NULL,'Grisso','geoff0@notreallybestbuy.com','351-555-0130','Store Rep','1971-04-07 00:00:00'),(33763,'Greg',NULL,'Harrison','greg2@notreallybestbuy.com','1 (11) 500 555-0112','Store Rep','1978-06-17 00:00:00'),(33764,'Matthew','M','Hagemann','matthew2@notreallybestbuy.com','552-555-0141','Store Rep','1992-04-02 00:00:00'),(33765,'Erin','M','Hagens','erin1@notreallybestbuy.com','244-555-0127','Store Rep','1995-03-03 00:00:00'),(33766,'Karen','E','Hall','karen3@notreallybestbuy.com','623-555-0153','Store Rep','1970-11-05 00:00:00'),(33767,'Don',NULL,'Hall','don2@notreallybestbuy.com','1 (11) 500 555-0182','Store Rep','1977-08-17 00:00:00'),(33768,'James','R','Hamilton','james7@notreallybestbuy.com','418-555-0115','Store Rep','1974-11-12 00:00:00'),(33769,'Kerim',NULL,'Hanif','kerim0@notreallybestbuy.com','216-555-0122','Store Rep','1974-06-01 00:00:00'),(33770,'William','J','Hapke','william2@notreallybestbuy.com','1 (11) 500 555-0167','Store Rep','1995-12-26 00:00:00'),(33771,'Kimberly','B','Harrington','kimberly1@notreallybestbuy.com','872-555-0171','Store Rep','1971-04-07 00:00:00'),(33772,'Lucy',NULL,'Harrington','lucy0@notreallybestbuy.com','828-555-0186','Store Rep','1997-01-01 00:00:00'),(33773,'Doris',NULL,'Hartwig','doris1@notreallybestbuy.com','703-555-0158','Store Rep','1987-08-11 00:00:00'),(33774,'Mark',NULL,'Hassall','mark4@notreallybestbuy.com','751-555-0119','Store Rep','1973-07-01 00:00:00'),(33775,'Jeff',NULL,'Hay','jeff1@notreallybestbuy.com','1 (11) 500 555-0182','Store Rep','1991-09-04 00:00:00'),(33776,'John',NULL,'Hanson','john20@notreallybestbuy.com','107-555-0117','Store Rep','1976-06-20 00:00:00'),(33777,'Valerie','M','Hendricks','valerie0@notreallybestbuy.com','859-555-0140','Store Rep','1986-03-02 00:00:00'),(33778,'Jeff','D','Henshaw','jeff2@notreallybestbuy.com','1 (11) 500 555-0118','Store Rep','1979-03-19 00:00:00'),(33779,'Kari',NULL,'Hensien','kari0@notreallybestbuy.com','143-555-0129','Store Rep','1967-07-15 00:00:00'),(33780,'Jesus',NULL,'Hernandez','jesus0@notreallybestbuy.com','214-555-0145','Store Rep','1971-12-08 00:00:00'),(33781,'Cheryl','M','Herring','cheryl0@notreallybestbuy.com','158-555-0154','Store Rep','1997-03-13 00:00:00'),(33782,'Ronald','K','Heymsfield','ronald1@notreallybestbuy.com','784-555-0120','Store Rep','1981-02-04 00:00:00'),(33783,'Onetha','F','Higgs','onetha0@notreallybestbuy.com','1 (11) 500 555-0178','Store Rep','1972-03-07 00:00:00'),(33784,'Andrew','R','Hill','andrew4@notreallybestbuy.com','194-555-0149','Store Rep','1968-02-25 00:00:00'),(33785,'Reinout',NULL,'Hillmann','reinout1@notreallybestbuy.com','597-555-0132','Store Rep','1997-03-13 00:00:00'),(33786,'Matthew',NULL,'Hink','matthew3@notreallybestbuy.com','146-555-0176','Store Rep','1973-06-07 00:00:00'),(33787,'Nancy','E','Hirota','nancy2@notreallybestbuy.com','860-555-0119','Store Rep','1975-02-20 00:00:00'),(33788,'Douglas',NULL,'Hite','douglas3@notreallybestbuy.com','419-555-0166','Store Rep','1999-01-08 00:00:00'),(33789,'David',NULL,'Hodgson','david16@notreallybestbuy.com','969-555-0117','Store Rep','1976-05-31 00:00:00'),(33790,'Holly','J','Holt','holly1@notreallybestbuy.com','654-555-0150','Store Rep','1994-02-21 00:00:00'),(33791,'Juanita','J','Holman','juanita0@notreallybestbuy.com','996-555-0196','Store Rep','1974-07-19 00:00:00'),(33792,'Peter',NULL,'Houston','peter3@notreallybestbuy.com','632-555-0171','Store Rep','2001-07-01 00:00:00'),(33793,'Joe',NULL,'Howard','joe0@notreallybestbuy.com','1 (11) 500 555-0187','Store Rep','1968-09-28 00:00:00'),(33794,'Joshua','J','Huff','joshua0@notreallybestbuy.com','190-555-0186','Store Rep','1989-08-02 00:00:00'),(33795,'Lawrence','E','Hurkett','lawrence0@notreallybestbuy.com','129-555-0185','Store Rep','1974-10-26 00:00:00'),(33796,'Beth',NULL,'Inghram','beth0@notreallybestbuy.com','718-555-0152','Store Rep','1966-09-30 00:00:00'),(33797,'Lucio',NULL,'Iallo','lucio0@notreallybestbuy.com','199-555-0135','Store Rep','1978-01-22 00:00:00'),(33798,'Erik',NULL,'Ismert','erik0@notreallybestbuy.com','116-555-0163','Store Rep','1996-02-06 00:00:00'),(33799,'Denean','J','Ison','denean0@notreallybestbuy.com','1 (11) 500 555-0127','Store Rep','1991-09-19 00:00:00'),(33800,'Eric','A','Jacobsen','eric5@notreallybestbuy.com','703-555-0120','Store Rep','1992-03-14 00:00:00'),(33801,'Mary',NULL,'Alexander','mary7@notreallybestbuy.com','344-555-0133','Store Rep','1986-02-06 00:00:00'),(33802,'David',NULL,'Jaffe','david17@notreallybestbuy.com','1 (11) 500 555-0140','Store Rep','1969-06-03 00:00:00'),(33803,'Vance','P','Johns','vance0@notreallybestbuy.com','103-555-0151','Store Rep','1972-05-08 00:00:00'),(33804,'Stephen','Y','Jiang','stephen3@notreallybestbuy.com','910-555-0116','Store Rep','1999-02-09 00:00:00'),(33805,'Samuel','A','Johnson','samuel1@notreallybestbuy.com','762-555-0110','Store Rep','1972-11-06 00:00:00'),(33806,'Greg','M','Johnson','greg3@notreallybestbuy.com','523-555-0170','Store Rep','1978-04-14 00:00:00'),(33807,'Willis',NULL,'Johnson','willis1@notreallybestbuy.com','230-555-0164','Store Rep','1978-08-07 00:00:00'),(33808,'Robert','E','Jones','robert6@notreallybestbuy.com','595-555-0131','Store Rep','2000-05-14 00:00:00'),(33809,'Brannon',NULL,'Jones','brannon0@notreallybestbuy.com','895-555-0160','Store Rep','1971-03-13 00:00:00'),(33810,'Diane','F','Krane','diane4@notreallybestbuy.com','224-555-0126','Store Rep','1980-06-24 00:00:00'),(33811,'Wendy',NULL,'Kahn','wendy1@notreallybestbuy.com','685-555-0176','Store Rep','1994-09-01 00:00:00'),(33812,'John',NULL,'Kane','john21@notreallybestbuy.com','1 (11) 500 555-0186','Store Rep','1974-09-18 00:00:00'),(33813,'Kay','E','Krane','kay0@notreallybestbuy.com','731-555-0187','Store Rep','1978-11-18 00:00:00'),(33814,'Sandeep',NULL,'Katyal','sandeep2@notreallybestbuy.com','928-555-0117','Store Rep','1968-09-05 00:00:00'),(33815,'Kendall',NULL,'Keil','kendall1@notreallybestbuy.com','1 (11) 500 555-0115','Store Rep','1994-04-30 00:00:00'),(33816,'Victor','A','Kelley','victor0@notreallybestbuy.com','112-555-0195','Store Rep','1975-10-25 00:00:00'),(33817,'Robert',NULL,'Kelly','robert7@notreallybestbuy.com','510-555-0123','Store Rep','1979-03-02 00:00:00'),(33818,'Kevin',NULL,'Kennedy','kevin4@notreallybestbuy.com','275-555-0179','Store Rep','1981-05-07 00:00:00'),(33819,'Alice','L','Kesterson','alice2@notreallybestbuy.com','1 (11) 500 555-0132','Store Rep','1973-06-19 00:00:00'),(33820,'Elizabeth',NULL,'Keyser','elizabeth2@notreallybestbuy.com','656-555-0173','Store Rep','1975-01-09 00:00:00'),(33821,'Karan',NULL,'Khanna','karan1@notreallybestbuy.com','390-555-0150','Store Rep','1987-10-15 00:00:00'),(33822,'Jim',NULL,'Kim','jim2@notreallybestbuy.com','1 (11) 500 555-0165','Store Rep','1994-12-20 00:00:00'),(33823,'Russell',NULL,'King','russell2@notreallybestbuy.com','871-555-0159','Store Rep','1998-10-08 00:00:00'),(33824,'Andrew','P','Kobylinski','andrew5@notreallybestbuy.com','129-555-0185','Store Rep','1970-06-29 00:00:00'),(33825,'Reed',NULL,'Koch','reed1@notreallybestbuy.com','108-555-0171','Store Rep','1969-10-06 00:00:00'),(33826,'Eugene',NULL,'Kogan','eugene2@notreallybestbuy.com','136-555-0134','Store Rep','1979-07-17 00:00:00'),(33827,'Pamala','M','Kotc','pamala0@notreallybestbuy.com','1 (11) 500 555-0173','Store Rep','1995-06-05 00:00:00'),(33828,'James','D','Kramer','james10@notreallybestbuy.com','814-555-0130','Store Rep','1970-08-19 00:00:00'),(33829,'Mitch',NULL,'Kennedy','mitch0@notreallybestbuy.com','996-555-0192','Store Rep','1969-09-21 00:00:00'),(33830,'Deepak',NULL,'Kumar','deepak0@notreallybestbuy.com','1 (11) 500 555-0122','Store Rep','1974-04-09 00:00:00'),(33831,'Vamsi',NULL,'Kuppa','vamsi1@notreallybestbuy.com','290-555-0196','Store Rep','1976-03-07 00:00:00'),(33832,'Eric',NULL,'Lang','eric6@notreallybestbuy.com','932-555-0163','Store Rep','1994-09-12 00:00:00'),(33833,'David','O','Lawrence','david19@notreallybestbuy.com','653-555-0159','Store Rep','1969-12-16 00:00:00'),(33834,'Elsa',NULL,'Leavitt','elsa0@notreallybestbuy.com','482-555-0174','Store Rep','1993-03-31 00:00:00'),(33835,'Marjorie','M','Lee','marjorie0@notreallybestbuy.com','306-555-0166','Store Rep','1977-06-26 00:00:00'),(33836,'Frank',NULL,'Campbell','frank4@notreallybestbuy.com','491-555-0132','Store Rep','1976-09-07 00:00:00'),(33837,'Robertson',NULL,'Lee','robertson0@notreallybestbuy.com','1 (11) 500 555-0165','Store Rep','1998-06-11 00:00:00'),(33838,'A.','F','Leonetti','a0@notreallybestbuy.com','645-555-0193','Store Rep','1966-03-21 00:00:00'),(33839,'Bonnie','B','Lepro','bonnie2@notreallybestbuy.com','354-555-0130','Store Rep','1966-10-03 00:00:00'),(33840,'Steven','B','Levy','steven2@notreallybestbuy.com','1 (11) 500 555-0119','Store Rep','1966-01-23 00:00:00'),(33841,'Elsie','L','Lewin','elsie0@notreallybestbuy.com','803-555-0116','Store Rep','1972-01-17 00:00:00'),(33842,'George','Z','Li','george3@notreallybestbuy.com','699-555-0183','Store Rep','1986-09-27 00:00:00'),(33843,'David','J','Liu','david20@notreallybestbuy.com','440-555-0132','Store Rep','1965-12-25 00:00:00'),(33844,'Kevin',NULL,'Liu','kevin5@notreallybestbuy.com','926-555-0164','Store Rep','1971-12-30 00:00:00'),(33845,'Run',NULL,'Liu','run0@notreallybestbuy.com','284-555-0185','Store Rep','1996-10-14 00:00:00'),(33846,'Kok-Ho',NULL,'Loh','kok-ho1@notreallybestbuy.com','1 (11) 500 555-0189','Store Rep','1966-01-03 00:00:00'),(33847,'John','K','Long','john23@notreallybestbuy.com','415-555-0147','Store Rep','1968-06-01 00:00:00'),(33848,'Jeremy',NULL,'Los','jeremy0@notreallybestbuy.com','911-555-0165','Store Rep','1969-10-11 00:00:00'),(33849,'Spencer',NULL,'Low','spencer0@notreallybestbuy.com','333-555-0113','Store Rep','1992-01-08 00:00:00'),(33850,'Sean','J','Lunt','sean4@notreallybestbuy.com','183-555-0111','Store Rep','1996-10-11 00:00:00'),(33851,'Helen','R','Lutes','helen1@notreallybestbuy.com','565-555-0181','Store Rep','1967-04-03 00:00:00'),(33852,'Sharon','F','Lynn','sharon3@notreallybestbuy.com','1 (11) 500 555-0159','Store Rep','1976-11-01 00:00:00'),(33853,'Denise','R','Maccietto','denise1@notreallybestbuy.com','537-555-0190','Store Rep','1965-08-31 00:00:00'),(33854,'Scott',NULL,'MacDonald','scott7@notreallybestbuy.com','470-555-0171','Store Rep','1976-10-08 00:00:00'),(33855,'Patrick','J','Magenheimer','patrick3@notreallybestbuy.com','774-555-0177','Store Rep','1968-10-07 00:00:00'),(33856,'Kimberly','N','Malmendier','kimberly2@notreallybestbuy.com','1 (11) 500 555-0134','Store Rep','1985-05-29 00:00:00'),(33857,'Parul',NULL,'Manek','parul0@notreallybestbuy.com','1 (11) 500 555-0146','Store Rep','1968-09-30 00:00:00'),(33858,'Tomas','M','Manzanares','tomas0@notreallybestbuy.com','1 (11) 500 555-0178','Store Rep','1965-05-05 00:00:00'),(33859,'Melissa','R','Marple','melissa0@notreallybestbuy.com','685-555-0117','Store Rep','1968-07-05 00:00:00'),(33860,'Linda',NULL,'Martin','linda8@notreallybestbuy.com','1 (11) 500 555-0137','Store Rep','1973-03-01 00:00:00'),(33861,'Sandra','I','Martinez','sandra3@notreallybestbuy.com','1 (11) 500 555-0113','Store Rep','1993-02-18 00:00:00'),(33862,'Frank',NULL,'Martinez','frank5@notreallybestbuy.com','171-555-0147','Store Rep','1974-07-17 00:00:00'),(33863,'Sandra','B','Maynard','sandra4@notreallybestbuy.com','993-555-0179','Store Rep','1973-03-01 00:00:00'),(33864,'John','J','McClane','john24@notreallybestbuy.com','455-555-0144','Store Rep','1972-07-08 00:00:00'),(33865,'Stacie','K','Mcanich','stacie0@notreallybestbuy.com','1 (11) 500 555-0179','Store Rep','1994-01-26 00:00:00'),(33866,'Katie',NULL,'McAskill-White','katie1@notreallybestbuy.com','618-555-0193','Store Rep','1970-03-30 00:00:00'),(33867,'Jane','A','McCarty','jane3@notreallybestbuy.com','529-555-0195','Store Rep','1990-03-07 00:00:00'),(33868,'Nikki',NULL,'McCormick','nikki0@notreallybestbuy.com','600-555-0162','Store Rep','1969-02-19 00:00:00'),(33869,'Christinia','A','McDonald','christinia0@notreallybestbuy.com','1 (11) 500 555-0158','Store Rep','1973-04-10 00:00:00'),(33870,'Nancy','A','McPhearson','nancy3@notreallybestbuy.com','1 (11) 500 555-0195','Store Rep','1993-04-18 00:00:00'),(33871,'Raquel',NULL,'Mello','raquel0@notreallybestbuy.com','723-555-0124','Store Rep','1973-02-06 00:00:00'),(33872,'Gladys','F','Mendiola','gladys0@notreallybestbuy.com','535-555-0189','Store Rep','1970-02-11 00:00:00'),(33873,'Tosh',NULL,'Meston','tosh0@notreallybestbuy.com','995-555-0114','Store Rep','1986-04-18 00:00:00'),(33874,'Helen','M','Meyer','helen2@notreallybestbuy.com','519-555-0112','Store Rep','1990-01-23 00:00:00'),(33875,'Gary','P','Meyerhoff','gary3@notreallybestbuy.com','962-555-0139','Store Rep','1970-04-19 00:00:00'),(33876,'Ramesh',NULL,'Meyyappan','ramesh1@notreallybestbuy.com','1 (11) 500 555-0114','Store Rep','1971-02-16 00:00:00'),(33877,'Jan',NULL,'Miksovsky','jan1@notreallybestbuy.com','562-555-0119','Store Rep','1967-10-29 00:00:00'),(33878,'Virginia','L','Miller','virginia0@notreallybestbuy.com','918-555-0127','Store Rep','1991-04-27 00:00:00'),(33879,'Emilo','R','Miller','emilo0@notreallybestbuy.com','1 (11) 500 555-0181','Store Rep','1966-09-01 00:00:00'),(33880,'Ben',NULL,'Miller','ben1@notreallybestbuy.com','207-555-0167','Store Rep','1971-10-01 00:00:00'),(33881,'Neva','M','Mitchell','neva0@notreallybestbuy.com','992-555-0134','Store Rep','1991-11-09 00:00:00'),(33882,'Robert',NULL,'Mitosinka','robert10@notreallybestbuy.com','239-555-0198','Store Rep','1971-04-30 00:00:00'),(33883,'Paula','B','Moberly','paula2@notreallybestbuy.com','273-555-0100','Geek Squad','1987-12-04 00:00:00'),(33884,'William','J','Monroe','william3@notreallybestbuy.com','315-555-0100','Geek Squad','1994-12-03 00:00:00'),(33885,'Bobby',NULL,'Moore','bobby0@notreallybestbuy.com','879-555-0100','Geek Squad','1985-12-15 00:00:00'),(33886,'Barbara',NULL,'Moreland','barbara6@notreallybestbuy.com','959-555-0100','Geek Squad','1992-04-28 00:00:00'),(33887,'Julia',NULL,'Moseley','julia0@notreallybestbuy.com','432-555-0100','Geek Squad','1986-03-14 00:00:00'),(33888,'Salman',NULL,'Mughal','salman0@notreallybestbuy.com','882-555-0100','Geek Squad','1988-08-27 00:00:00'),(33889,'Albert',NULL,'Mungin','albert0@notreallybestbuy.com','439-555-0100','Geek Squad','1988-03-20 00:00:00'),(33890,'Dorothy','J','Myer','dorothy2@notreallybestbuy.com','991-555-0100','Geek Squad','1985-06-17 00:00:00'),(33891,'Suzanne',NULL,'Nelson','suzanne0@notreallybestbuy.com','314-555-0100','Geek Squad','1989-12-19 00:00:00'),(33892,'Mandar',NULL,'Naik','mandar1@notreallybestbuy.com','240-555-0100','Geek Squad','1999-05-17 00:00:00'),(33893,'Mike',NULL,'Nash','mike4@notreallybestbuy.com','198-555-0100','Geek Squad','1986-01-13 00:00:00'),(33894,'Jan','R','Nelsen','jan2@notreallybestbuy.com','905-555-0100','Geek Squad','1999-07-27 00:00:00'),(33895,'Amir','T','Netz','amir0@notreallybestbuy.com','362-555-0100','Geek Squad','1987-06-21 00:00:00'),(33896,'Toby',NULL,'Nixon','toby0@notreallybestbuy.com','269-555-0100','Geek Squad','1994-08-06 00:00:00'),(33897,'Laura',NULL,'Norman','laura2@notreallybestbuy.com','460-555-0100','Geek Squad','1986-02-18 00:00:00'),(33898,'Michael','J','O\'Connell','michael19@notreallybestbuy.com','761-555-0100','Geek Squad','1987-09-27 00:00:00'),(33899,'Tim',NULL,'O\'Brien','tim1@notreallybestbuy.com','360-555-0100','Geek Squad','1995-03-10 00:00:00'),(33900,'Robert',NULL,'O\'Hara','robert11@notreallybestbuy.com','139-555-0100','Geek Squad','1985-05-29 00:00:00'),(33901,'Nino','E','Olivotto','nino0@notreallybestbuy.com','528-555-0100','Geek Squad','1989-11-16 00:00:00'),(33902,'John','E','Ortiz','john25@notreallybestbuy.com','133-555-0100','Geek Squad','1996-10-09 00:00:00'),(33903,'David','J','Ortiz','david21@notreallybestbuy.com','937-555-0100','Geek Squad','1988-11-19 00:00:00'),(33904,'Stu','J','Osborn','stu0@notreallybestbuy.com','472-555-0100','Geek Squad','1988-06-17 00:00:00'),(33905,'Jyothi',NULL,'Pai','jyothi0@notreallybestbuy.com','433-555-0100','Geek Squad','1985-03-03 00:00:00'),(33906,'Cristian','B','Osorio','cristian1@notreallybestbuy.com','597-555-0100','Geek Squad','1989-09-16 00:00:00'),(33907,'Trish','E','Pederson','trish0@notreallybestbuy.com','550-555-0100','Geek Squad','1994-06-01 00:00:00'),(33908,'Frank',NULL,'Pellow','frank7@notreallybestbuy.com','941-555-0100','Geek Squad','1985-12-06 00:00:00'),(33909,'Elizabeth','M','Peoples','elizabeth3@notreallybestbuy.com','614-555-0100','Geek Squad','1995-12-26 00:00:00'),(33910,'John',NULL,'Peoples','john26@notreallybestbuy.com','943-555-0100','Geek Squad','1994-08-26 00:00:00'),(33911,'James',NULL,'Peters','james13@notreallybestbuy.com','709-555-0100','Geek Squad','1986-07-06 00:00:00'),(33912,'Sara','E','Pettengill','sara1@notreallybestbuy.com','125-555-0100','Geek Squad','1987-11-05 00:00:00'),(33913,'Carol',NULL,'Philips','carol3@notreallybestbuy.com','996-555-0100','Geek Squad','1989-09-02 00:00:00'),(33914,'Pat','R','Pinkston','pat3@notreallybestbuy.com','387-555-0100','Geek Squad','1998-12-21 00:00:00'),(33915,'Grigory',NULL,'Pogulsky','grigory0@notreallybestbuy.com','557-555-0100','Geek Squad','1988-08-02 00:00:00'),(33916,'Carole',NULL,'Poland','carole1@notreallybestbuy.com','135-555-0100','Geek Squad','1991-01-26 00:00:00'),(33917,'Alma','B','Poorbaugh','alma0@notreallybestbuy.com','153-555-0100','Geek Squad','1986-03-02 00:00:00'),(33918,'Josh',NULL,'Pollock','josh1@notreallybestbuy.com','117-555-0100','Geek Squad','1992-07-15 00:00:00'),(33919,'Betty','J','Potts','betty1@notreallybestbuy.com','120-555-0100','Geek Squad','1986-03-26 00:00:00'),(33920,'Milton','M','Pugh','milton1@notreallybestbuy.com','164-555-0100','Geek Squad','1989-12-08 00:00:00'),(33921,'Mary Lou','M','Quintana','marylou0@notreallybestbuy.com','430-555-0100','Geek Squad','1989-10-24 00:00:00'),(33922,'Cynthia',NULL,'Randall','cynthia1@notreallybestbuy.com','961-555-0100','Geek Squad','1994-07-23 00:00:00'),(33923,'Simon',NULL,'Rapier','simon1@notreallybestbuy.com','476-555-0100','Geek Squad','1997-03-13 00:00:00'),(33924,'Michelle','B','Rector','michelle1@notreallybestbuy.com','459-555-0100','Geek Squad','1995-02-20 00:00:00'),(33925,'Celine','J','Reed','celine0@notreallybestbuy.com','340-555-0100','Geek Squad','1986-05-31 00:00:00'),(33926,'Randy',NULL,'Reeves','randy1@notreallybestbuy.com','668-555-0100','Geek Squad','1992-08-25 00:00:00'),(33927,'Eric','E','Rhodes','eric8@notreallybestbuy.com','113-555-0100','Geek Squad','1989-02-21 00:00:00'),(33928,'Adam','J','Reynolds','adam1@notreallybestbuy.com','574-555-0100','Geek Squad','2000-12-05 00:00:00'),(33929,'Albert','A','Rhodes','albert1@notreallybestbuy.com','504-555-0100','Geek Squad','1985-06-17 00:00:00'),(33930,'Dave',NULL,'Richards','dave1@notreallybestbuy.com','582-555-0100','Geek Squad','1989-09-10 00:00:00'),(33931,'William','J','Richter','william4@notreallybestbuy.com','519-555-0100','Geek Squad','1993-12-13 00:00:00'),(33932,'Stacy','K','Rizzi','stacy0@notreallybestbuy.com','329-555-0100','Geek Squad','1987-02-16 00:00:00'),(33933,'Rebecca','A','Robinson','rebecca3@notreallybestbuy.com','648-555-0100','Geek Squad','1989-01-17 00:00:00'),(33934,'Scott','M','Rodgers','scott10@notreallybestbuy.com','989-555-0100','Geek Squad','1989-10-26 00:00:00'),(33935,'Jim',NULL,'Rodman','jim4@notreallybestbuy.com','899-555-0100','Geek Squad','1994-10-22 00:00:00'),(33936,'Michael','L','Rothkugel','michael22@notreallybestbuy.com','358-555-0100','Geek Squad','1998-01-22 00:00:00'),(33937,'Pablo',NULL,'Rovira Diez','pablo0@notreallybestbuy.com','786-555-0100','Geek Squad','1987-07-28 00:00:00'),(33938,'Lisa','K','Roy','lisa0@notreallybestbuy.com','953-555-0100','Geek Squad','1985-12-02 00:00:00'),(33939,'Pearlie','J','Rusek','pearlie0@notreallybestbuy.com','633-555-0100','Geek Squad','1987-03-14 00:00:00'),(33940,'Andrea',NULL,'Rusko','andrea0@notreallybestbuy.com','587-555-0100','Geek Squad','1988-08-08 00:00:00'),(33941,'Deanna','N','Sabella','deanna2@notreallybestbuy.com','529-555-0100','Geek Squad','1988-11-20 00:00:00'),(33942,'Peter',NULL,'Saddow','peter5@notreallybestbuy.com','132-555-0100','Geek Squad','1995-04-01 00:00:00'),(33943,'Sharon',NULL,'Salavaria','sharon4@notreallybestbuy.com','109-555-0100','Geek Squad','1999-04-29 00:00:00'),(33944,'Raymond',NULL,'Sam','raymond1@notreallybestbuy.com','313-555-0100','Geek Squad','1987-11-06 00:00:00'),(33945,'Madalena','J','Sanchez','madalena0@notreallybestbuy.com','749-555-0100','Geek Squad','1994-04-26 00:00:00'),(33946,'Thomas','T','Sanchez','thomas4@notreallybestbuy.com','127-555-0100','Geek Squad','1987-12-23 00:00:00'),(33947,'Mikael',NULL,'Sandberg','mikael1@notreallybestbuy.com','854-555-0100','Geek Squad','1988-08-07 00:00:00'),(33948,'Mary','R','Sandidge','mary9@notreallybestbuy.com','113-555-0100','Geek Squad','1987-05-19 00:00:00'),(33949,'Jose','E','Saraiva','jose5@notreallybestbuy.com','356-555-0100','Geek Squad','1991-03-13 00:00:00'),(33950,'K.',NULL,'Saravan','k0@notreallybestbuy.com','156-555-0100','Geek Squad','1985-06-24 00:00:00'),(33951,'Gary',NULL,'Schare','gary4@notreallybestbuy.com','157-555-0100','Geek Squad','1996-05-06 00:00:00'),(33952,'Scot',NULL,'Schulte','scot1@notreallybestbuy.com','910-555-0100','Geek Squad','1986-04-21 00:00:00'),(33953,'Mike',NULL,'Seamans','mike5@notreallybestbuy.com','210-555-0100','Geek Squad','1988-07-27 00:00:00'),(33954,'Scott',NULL,'Seely','scott11@notreallybestbuy.com','209-555-0100','Geek Squad','1987-03-18 00:00:00'),(33955,'Paul','J','Shakespear','paul4@notreallybestbuy.com','880-555-0100','Geek Squad','1985-10-25 00:00:00'),(33956,'Alan',NULL,'Shen','alan3@notreallybestbuy.com','484-555-0100','Geek Squad','1985-11-07 00:00:00'),(33957,'Megan',NULL,'Sherman','megan2@notreallybestbuy.com','361-555-0100','Geek Squad','1997-07-11 00:00:00'),(33958,'Daniel',NULL,'Shimshoni','daniel1@notreallybestbuy.com','151-555-0100','Geek Squad','1985-01-09 00:00:00'),(33959,'Misty',NULL,'Shock','misty0@notreallybestbuy.com','185-555-0100','Geek Squad','1986-02-04 00:00:00'),(33960,'Shish',NULL,'Shridhar','shish0@notreallybestbuy.com','715-555-0100','Geek Squad','1987-10-15 00:00:00'),(33961,'Britta',NULL,'Simon','britta1@notreallybestbuy.com','274-555-0100','Geek Squad','1989-10-19 00:00:00'),(33962,'Anne','R','Sims','anne0@notreallybestbuy.com','886-555-0100','Geek Squad','1993-07-23 00:00:00'),(33963,'Paul',NULL,'Singh','paul5@notreallybestbuy.com','390-555-0100','Geek Squad','1986-05-10 00:00:00'),(33964,'Dianne','K','Slattengren','dianne0@notreallybestbuy.com','204-555-0100','Geek Squad','1994-10-06 00:00:00'),(33965,'Leonard','J','Smith','leonard0@notreallybestbuy.com','128-555-0100','Geek Squad','1999-07-17 00:00:00'),(33966,'Mary','J','Smith','mary10@notreallybestbuy.com','941-555-0100','Geek Squad','1988-04-15 00:00:00'),(33967,'Rolando','T','Smith','rolando0@notreallybestbuy.com','284-555-0100','Geek Squad','1995-06-05 00:00:00'),(33968,'Ben',NULL,'Adams','ben2@notreallybestbuy.com','182-555-0100','Geek Squad','1992-10-19 00:00:00'),(33969,'Jeff',NULL,'Smith','jeff4@notreallybestbuy.com','515-555-0100','Geek Squad','1994-09-21 00:00:00'),(33970,'Samantha',NULL,'Smith','samantha1@notreallybestbuy.com','978-555-0100','Geek Squad','1986-01-21 00:00:00'),(33971,'Victoria','L','Snowden','victoria0@notreallybestbuy.com','574-555-0100','Geek Squad','1985-02-26 00:00:00'),(33972,'Alma','L','Son','alma1@notreallybestbuy.com','149-555-0100','Geek Squad','1993-06-13 00:00:00'),(33973,'William','K','Sotelo','william5@notreallybestbuy.com','819-555-0100','Geek Squad','1987-07-07 00:00:00'),(33974,'Anibal',NULL,'Sousa','anibal1@notreallybestbuy.com','283-555-0100','Geek Squad','1991-03-14 00:00:00'),(33975,'Phil',NULL,'Spencer','phil0@notreallybestbuy.com','161-555-0100','Geek Squad','1993-03-31 00:00:00'),(33976,'Sethu',NULL,'Srinivasan','sethu0@notreallybestbuy.com','836-555-0100','Geek Squad','1987-01-08 00:00:00'),(33977,'Jeff',NULL,'Stammler','jeff5@notreallybestbuy.com','632-555-0100','Geek Squad','1994-08-01 00:00:00'),(33978,'Carina',NULL,'Stanev','carina0@notreallybestbuy.com','597-555-0100','Geek Squad','1985-01-01 00:00:00'),(33979,'Merrill','R','Steel','merrill0@notreallybestbuy.com','513-555-0100','Geek Squad','1991-10-03 00:00:00'),(33980,'Joan','P','Steele','joan1@notreallybestbuy.com','176-555-0100','Geek Squad','1996-10-23 00:00:00'),(33981,'Shanay','B','Steelman','shanay0@notreallybestbuy.com','797-555-0118','Geek Squad','1991-01-23 00:00:00'),(33982,'Wathalee','R','Steuber','wathalee0@notreallybestbuy.com','517-555-0120','Geek Squad','1996-10-20 00:00:00'),(33983,'Alice','M','Steiner','alice4@notreallybestbuy.com','355-555-0180','Geek Squad','1991-04-09 00:00:00'),(33984,'Jim',NULL,'Stewart','jim5@notreallybestbuy.com','226-555-0110','Geek Squad','1990-12-25 00:00:00'),(33985,'Kayla','M','Stotler','kayla0@notreallybestbuy.com','315-555-0131','Geek Squad','1992-01-14 00:00:00'),(33986,'Ruby Sue','R','Styles','rubysue0@notreallybestbuy.com','512-555-0122','Geek Squad','1993-06-01 00:00:00'),(33987,'Min',NULL,'Su','min1@notreallybestbuy.com','1 (11) 500 555-0149','Geek Squad','1992-06-13 00:00:00'),(33988,'Ruth','J','Suffin','ruth2@notreallybestbuy.com','924-555-0195','Geek Squad','1992-01-08 00:00:00'),(33989,'Elizabeth','J','Sullivan','elizabeth4@notreallybestbuy.com','306-555-0112','Geek Squad','1992-10-19 00:00:00'),(33990,'Marcia','J','Sultan','marcia0@notreallybestbuy.com','613-555-0116','Geek Squad','1985-03-02 00:00:00'),(33991,'Nate',NULL,'Sun','nate0@notreallybestbuy.com','1 (11) 500 555-0122','Geek Squad','1991-02-04 00:00:00'),(33992,'Martin','J','Svoboda','martin1@notreallybestbuy.com','132-555-0149','Geek Squad','1991-10-12 00:00:00'),(33993,'Katherine','K','Swan','katherine1@notreallybestbuy.com','421-555-0192','Geek Squad','1994-01-24 00:00:00'),(33994,'Manoj',NULL,'Syamala','manoj0@notreallybestbuy.com','1 (11) 500 555-0181','Geek Squad','1986-10-06 00:00:00'),(33995,'Mike','M','Taylor','mike6@notreallybestbuy.com','204-555-0189','Geek Squad','1985-05-29 00:00:00'),(33996,'Chad','J','Tedford','chad1@notreallybestbuy.com','588-555-0128','Geek Squad','1990-05-05 00:00:00'),(33997,'Sameer','A','Tejani','sameer1@notreallybestbuy.com','238-555-0165','Geek Squad','1992-01-17 00:00:00'),(33998,'Judy','J','Thames','judy3@notreallybestbuy.com','799-555-0118','Geek Squad','1993-07-05 00:00:00'),(33999,'Karen','M','Theisen','karen4@notreallybestbuy.com','246-555-0110','Geek Squad','1986-11-01 00:00:00'),(34000,'Phyllis','A','Thomas','phyllis2@notreallybestbuy.com','667-555-0112','Geek Squad','1993-03-01 00:00:00'),(34001,'Daniel','P','Thompson','daniel2@notreallybestbuy.com','247-555-0197','Geek Squad','1991-11-17 00:00:00'),(34002,'Rossane','L','Thoreson','rossane0@notreallybestbuy.com','1 (11) 500 555-0131','Geek Squad','1986-06-03 00:00:00'),(34003,'Yuping',NULL,'Tian','yuping0@notreallybestbuy.com','744-555-0123','Geek Squad','1988-04-06 00:00:00'),(34004,'Diane',NULL,'Tibbott','diane5@notreallybestbuy.com','847-555-0184','Geek Squad','1987-07-08 00:00:00'),(34005,'John',NULL,'Tippett','john28@notreallybestbuy.com','1 (11) 500 555-0132','Geek Squad','1990-03-30 00:00:00'),(34006,'Dragan',NULL,'Tomic','dragan1@notreallybestbuy.com','833-555-0167','Geek Squad','1992-09-29 00:00:00'),(34007,'Alvin','J','Torre','alvin0@notreallybestbuy.com','505-555-0145','Geek Squad','1994-02-19 00:00:00'),(34008,'Anna','F','Townsend','anna1@notreallybestbuy.com','1 (11) 500 555-0147','Geek Squad','1985-01-06 00:00:00'),(34009,'Abe','M','Tramel','abe0@notreallybestbuy.com','317-555-0163','Geek Squad','1994-01-11 00:00:00'),(34010,'James','R','Tran','james15@notreallybestbuy.com','740-555-0159','Geek Squad','1994-03-14 00:00:00'),(34011,'Doris','J','Traube','doris2@notreallybestbuy.com','881-555-0139','Geek Squad','1993-04-18 00:00:00'),(34012,'Jean','E','Trenary','jean4@notreallybestbuy.com','1 (11) 500 555-0115','Geek Squad','1985-10-31 00:00:00'),(34013,'Gracia','B','Tuell','gracia0@notreallybestbuy.com','1 (11) 500 555-0179','Geek Squad','1997-06-03 00:00:00'),(34014,'Mary','J','Tullao','mary11@notreallybestbuy.com','695-555-0128','Geek Squad','1985-01-23 00:00:00'),(34015,'Mary','J','Vaca','mary12@notreallybestbuy.com','612-555-0149','Geek Squad','1986-02-16 00:00:00'),(34016,'Rachel','B','Valdez','rachel1@notreallybestbuy.com','1 (11) 500 555-0189','Geek Squad','1986-07-06 00:00:00'),(34017,'Jessie','E','Valerio','jessie0@notreallybestbuy.com','103-555-0179','Geek Squad','1989-04-11 00:00:00'),(34018,'Roger',NULL,'Van Houten','roger2@notreallybestbuy.com','1 (11) 500 555-0110','Geek Squad','1986-10-01 00:00:00'),(34019,'Gregory','T','Vanderbout','gregory1@notreallybestbuy.com','684-555-0134','Geek Squad','1986-11-09 00:00:00'),(34020,'Michael',NULL,'Vanderhyde','michael25@notreallybestbuy.com','918-555-0141','Geek Squad','1986-05-06 00:00:00'),(34021,'Carlos','M','Vansant','carlos1@notreallybestbuy.com','1 (11) 500 555-0158','Geek Squad','1987-06-15 00:00:00'),(34022,'Gary','T','Vargas','gary6@notreallybestbuy.com','112-555-0176','Geek Squad','1992-10-14 00:00:00'),(34023,'Ranjit','R','Varkey Chudukatil','ranjit1@notreallybestbuy.com','810-555-0160','Geek Squad','1990-11-18 00:00:00'),(34024,'Raja','D','Venugopal','raja0@notreallybestbuy.com','1 (11) 500 555-0195','Geek Squad','1993-11-26 00:00:00'),(34025,'Wanda','F','Vernon','wanda0@notreallybestbuy.com','433-555-0168','Geek Squad','1987-04-28 00:00:00'),(34026,'Robert','R','Vessa','robert13@notreallybestbuy.com','560-555-0171','Geek Squad','1986-06-30 00:00:00'),(34027,'Shane','P','Vigil','shane3@notreallybestbuy.com','811-555-0100','Geek Squad','1989-01-06 00:00:00'),(34028,'Keith','N','Virden','keith1@notreallybestbuy.com','914-555-0100','Geek Squad','1993-03-20 00:00:00'),(34029,'Filomena','T','Visser','filomena0@notreallybestbuy.com','874-555-0100','Geek Squad','1987-04-19 00:00:00'),(34030,'William',NULL,'Vong','william6@notreallybestbuy.com','809-555-0100','Geek Squad','1985-06-17 00:00:00'),(34031,'Florence','M','Vonholt','florence0@notreallybestbuy.com','128-555-0100','Geek Squad','1999-03-09 00:00:00'),(34032,'Rohinton',NULL,'Wadia','rohinton0@notreallybestbuy.com','155-555-0100','Geek Squad','1986-04-19 00:00:00'),(34033,'Silvia','M','Walker','silvia0@notreallybestbuy.com','961-555-0100','Geek Squad','1988-10-19 00:00:00'),(34034,'Joanna','B','Wall','joanna0@notreallybestbuy.com','127-555-0100','Geek Squad','1997-06-21 00:00:00'),(34035,'Qiang',NULL,'Wang','qiang0@notreallybestbuy.com','165-555-0100','Geek Squad','1986-02-18 00:00:00'),(34036,'Tony',NULL,'Wang','tony1@notreallybestbuy.com','859-555-0100','Geek Squad','1993-05-03 00:00:00'),(34037,'Clay','M','Warthen','clay0@notreallybestbuy.com','903-555-0100','Geek Squad','1985-03-10 00:00:00'),(34038,'Darren','M','Watkins','darren1@notreallybestbuy.com','241-555-0100','Geek Squad','1989-11-16 00:00:00'),(34039,'Jason','M','Watters','jason1@notreallybestbuy.com','131-555-0100','Geek Squad','1986-01-26 00:00:00'),(34040,'Peter',NULL,'Waxman','peter6@notreallybestbuy.com','458-555-0100','Geek Squad','1993-03-28 00:00:00'),(34041,'Francis','F','Weber','francis0@notreallybestbuy.com','758-555-0100','Geek Squad','1986-04-07 00:00:00'),(34042,'Ole','A','Weldon','ole0@notreallybestbuy.com','974-555-0100','Geek Squad','1992-05-18 00:00:00'),(34043,'Paul',NULL,'West','paul6@notreallybestbuy.com','779-555-0100','Geek Squad','1989-05-13 00:00:00'),(34044,'Gail','M','Westover','gail2@notreallybestbuy.com','305-555-0100','Geek Squad','1989-09-16 00:00:00'),(34045,'Wendy',NULL,'Wheeler','wendy2@notreallybestbuy.com','977-555-0100','Geek Squad','1994-12-22 00:00:00'),(34046,'Vivian','M','Whipple','vivian0@notreallybestbuy.com','176-555-0100','Geek Squad','1989-11-12 00:00:00'),(34047,'Mike','E','White','mike8@notreallybestbuy.com','682-555-0100','Geek Squad','1985-12-06 00:00:00'),(34048,'Vincent','T','White','vincent0@notreallybestbuy.com','677-555-0100','Geek Squad','1990-05-30 00:00:00'),(34049,'Catherine','M','Whitney','catherine1@notreallybestbuy.com','206-555-0100','Geek Squad','1986-04-07 00:00:00'),(34050,'Kelly','J','Whitworth','kelly1@notreallybestbuy.com','550-555-0100','Geek Squad','1987-08-11 00:00:00'),(34051,'Gloria','B','Wilson','gloria2@notreallybestbuy.com','893-555-0100','Geek Squad','1988-07-01 00:00:00'),(34052,'James','C','Wilson','james16@notreallybestbuy.com','239-555-0100','Geek Squad','1987-10-11 00:00:00'),(34053,'Kathleen','J','Winter','kathleen1@notreallybestbuy.com','842-555-0125','Geek Squad','1991-09-04 00:00:00'),(34054,'Mark',NULL,'Wistrom','mark6@notreallybestbuy.com','890-555-0100','Geek Squad','1986-01-26 00:00:00'),(34055,'Eunice','J','Wolf','eunice0@notreallybestbuy.com','305-555-0100','Geek Squad','1988-12-28 00:00:00'),(34056,'Caroline','M','Woodard','caroline1@notreallybestbuy.com','384-555-0100','Geek Squad','1991-03-26 00:00:00'),(34057,'Sheela',NULL,'Word','sheela1@notreallybestbuy.com','387-555-0100','Geek Squad','1989-04-29 00:00:00'),(34058,'Michael','J','Worland','michael26@notreallybestbuy.com','196-555-0100','Geek Squad','1989-12-08 00:00:00'),(34059,'Lenore','J','Yasi','lenore0@notreallybestbuy.com','206-555-0100','Geek Squad','1989-10-24 00:00:00'),(34060,'Arthur',NULL,'Yasinski','arthur0@notreallybestbuy.com','194-555-0100','Geek Squad','1987-03-07 00:00:00'),(34061,'Richard','T','Young','richard6@notreallybestbuy.com','683-555-0100','Geek Squad','1993-02-25 00:00:00'),(34062,'Rob',NULL,'Young','rob3@notreallybestbuy.com','152-555-0100','Geek Squad','1992-10-14 00:00:00'),(34063,'Tom',NULL,'Youtsey','tom3@notreallybestbuy.com','113-555-0100','Geek Squad','1988-06-07 00:00:00'),(34064,'Eugene',NULL,'Zabokritski','eugene3@notreallybestbuy.com','762-555-0100','Geek Squad','1992-08-25 00:00:00'),(34065,'Robert',NULL,'Zare','robert14@notreallybestbuy.com','314-555-0100','Geek Squad','1986-11-24 00:00:00'),(34066,'Jo','J','Zimmerman','jo3@notreallybestbuy.com','816-555-0100','Geek Squad','2000-12-05 00:00:00'),(34067,'Frank',NULL,'Zhang','frank8@notreallybestbuy.com','889-555-0100','Geek Squad','1987-10-07 00:00:00'),(34068,'Karin',NULL,'Zimprich','karin0@notreallybestbuy.com','183-555-0100','Geek Squad','1989-07-19 00:00:00'),(34069,'Carla','J','Zubaty','carla2@notreallybestbuy.com','516-555-0100','Geek Squad','1993-12-13 00:00:00'),(34070,'Patricia','M','Zubaty','patricia3@notreallybestbuy.com','175-555-0100','Geek Squad','1993-09-28 00:00:00'),(34071,'Cathan',NULL,'Cook','cathan0@notreallybestbuy.com','55-2555-0100','Geek Squad','1989-08-02 00:00:00'),(34072,'Roberto',NULL,'Tamburello','roberto0@notreallybestbuy.com','212-555-0187','Geek Squad','1987-04-12 00:00:00'),(34073,'Michael','I','Sullivan','michael8@notreallybestbuy.com','465-555-0156','Geek Squad','1986-02-06 00:00:00'),(34074,'Gail','A','Erickson','gail0@notreallybestbuy.com','849-555-0139','Geek Squad','1994-10-22 00:00:00'),(34075,'Janice','M','Galvin','janice0@notreallybestbuy.com','473-555-0117','Geek Squad','1987-07-28 00:00:00'),(34076,'Thierry','B','D\'Hers','thierry0@notreallybestbuy.com','168-555-0183','Geek Squad','1996-02-06 00:00:00'),(34077,'Stephen','Y','Jiang','stephen0@notreallybestbuy.com','238-555-0197','Geek Squad','1985-12-02 00:00:00'),(34078,'Syed','E','Abbas','syed0@notreallybestbuy.com','926-555-0182','Geek Squad','1989-10-30 00:00:00'),(34079,'Pamela','O','Ansman-Wolfe','pamela0@notreallybestbuy.com','340-555-0193','Geek Squad','1988-08-08 00:00:00'),(34080,'David','R','Campbell','david8@notreallybestbuy.com','740-555-0182','Geek Squad','1986-02-06 00:00:00'),(34081,'Linda','C','Mitchell','linda3@notreallybestbuy.com','883-555-0116','Geek Squad','1987-05-08 00:00:00'),(34082,'Garrett','R','Vargas','garrett1@notreallybestbuy.com','922-555-0165','Geek Squad','1999-02-09 00:00:00'),(34083,'Rachel','B','Valdez','rachel0@notreallybestbuy.com','1 (11) 500 555-0140','Geek Squad','1988-02-07 00:00:00'),(34084,'Lynn','N','Tsoflias','lynn0@notreallybestbuy.com','1 (11) 500 555-0190','Geek Squad','1988-04-14 00:00:00'),(34085,'Michael','G','Blythe','michael9@notreallybestbuy.com','257-555-0154','Geek Squad','1987-12-23 00:00:00'),(34086,'Wanida','M','Benshoof','wanida0@notreallybestbuy.com','708-555-0141','Geek Squad','1992-05-19 00:00:00'),(34087,'Kevin','F','Brown','kevin0@notreallybestbuy.com','150-555-0189','Geek Squad','2000-05-14 00:00:00'),(34088,'Sariya','E','Harnpadoungsataya','sariya0@notreallybestbuy.com','399-555-0176','Geek Squad','1997-03-27 00:00:00'),(34089,'Jill','A','Williams','jill0@notreallybestbuy.com','510-555-0121','Geek Squad','1996-05-06 00:00:00'),(34090,'John','L','Wood','john5@notreallybestbuy.com','486-555-0150','Geek Squad','1986-01-25 00:00:00'),(34091,'Annette','L','Hill','annette0@notreallybestbuy.com','125-555-0196','Geek Squad','1986-04-21 00:00:00'),(34092,'Eric','S','Kurjan','eric2@notreallybestbuy.com','265-555-0195','Geek Squad','1988-11-18 00:00:00'),(34093,'Linda','P','Meisner','linda2@notreallybestbuy.com','916-555-0165','Geek Squad','1991-07-14 00:00:00'),(34094,'Mikael','Q','Sandberg','mikael0@notreallybestbuy.com','309-555-0170','Geek Squad','1985-11-07 00:00:00'),(34095,'Gigi','N','Matthew','gigi0@notreallybestbuy.com','185-555-0186','Geek Squad','1988-06-19 00:00:00'),(34096,'Andrew','R','Hill','andrew0@notreallybestbuy.com','908-555-0159','Geek Squad','1991-02-04 00:00:00'),(34097,'Zheng','W','Mu','zheng0@notreallybestbuy.com','113-555-0173','Geek Squad','1985-09-04 00:00:00'),(34098,'Jack','S','Richins','jack0@notreallybestbuy.com','552-555-0111','Geek Squad','1989-10-19 00:00:00'),(34099,'Cynthia','S','Randall','cynthia0@notreallybestbuy.com','352-555-0138','Geek Squad','1994-12-20 00:00:00'),(34100,'Brenda','M','Diaz','brenda0@notreallybestbuy.com','142-555-0139','Geek Squad','1988-07-23 00:00:00'),(34101,'Reuben','H','D\'sa','reuben0@notreallybestbuy.com','191-555-0112','Geek Squad','1998-10-08 00:00:00'),(34102,'Shane','S','Kim','shane0@notreallybestbuy.com','810-555-0178','Geek Squad','1985-06-29 00:00:00'),(34103,'Jinghao','K','Liu','jinghao0@notreallybestbuy.com','794-555-0159','Geek Squad','1991-06-29 00:00:00'),(34104,'Kok-Ho','T','Loh','kok-ho0@notreallybestbuy.com','999-555-0155','Geek Squad','1986-05-18 00:00:00'),(34105,'Jo','A','Brown','jo0@notreallybestbuy.com','632-555-0129','Geek Squad','1988-04-15 00:00:00'),(34106,'Doris','M','Hartwig','doris0@notreallybestbuy.com','328-555-0150','Geek Squad','1986-01-21 00:00:00'),(34107,'Diane','R','Glimp','diane0@notreallybestbuy.com','202-555-0151','Geek Squad','1987-11-27 00:00:00'),(34108,'Bonnie','N','Kearney','bonnie0@notreallybestbuy.com','264-555-0150','Geek Squad','1985-02-26 00:00:00'),(34109,'Kevin','M','Homer','kevin2@notreallybestbuy.com','555-555-0113','Geek Squad','1986-03-07 00:00:00'),(34110,'John','T','Kane','john4@notreallybestbuy.com','254-555-0114','Geek Squad','1993-06-13 00:00:00'),(34111,'Ebru','N','Ersan','ebru0@notreallybestbuy.com','202-555-0187','Geek Squad','1994-09-12 00:00:00'),(34112,'Tom','M','Vande Velde','tom0@notreallybestbuy.com','295-555-0161','Geek Squad','1988-10-26 00:00:00'),(34113,'Betsy','A','Stadick','betsy0@notreallybestbuy.com','405-555-0171','Geek Squad','1987-06-26 00:00:00'),(34114,'Min','G','Su','min0@notreallybestbuy.com','590-555-0152','Geek Squad','1997-01-08 00:00:00');
UNLOCK TABLES;

DROP TABLE IF EXISTS `products`;
CREATE TABLE `products` (
  `ProductID` int(11) NOT NULL AUTO_INCREMENT,
  `Name` varchar(90) NOT NULL,
  `Price` decimal(8,2) NOT NULL,
  `CategoryID` int(11) NOT NULL,
  `OnSale` tinyint(4) NOT NULL DEFAULT '0',
  `StockLevel` varchar(45) DEFAULT NULL,
  PRIMARY KEY (`ProductID`),
  UNIQUE KEY `ProductID_UNIQUE` (`ProductID`),
  KEY `category_FK_idx` (`CategoryID`),
  CONSTRAINT `category_FK` FOREIGN KEY (`CategoryID`) REFERENCES `categories` (`CategoryID`) ON DELETE NO ACTION ON UPDATE NO ACTION
) ENGINE=InnoDB AUTO_INCREMENT=940 DEFAULT CHARSET=latin1;

LOCK TABLES `products` WRITE;
INSERT INTO `products` VALUES (1,'Dell XPS 13',1400.00,1,0,'1475'),(2,'Lenovo Yoga',1600.00,1,0,'245'),(4,'Macbook',2200.00,1,0,'903'),(8,'Samsung Washer',450.00,2,1,'880'),(16,'Bose Wireless Headphones',450.00,4,0,'192'),(17,'Samsung Soundbar',300.00,5,1,'1020'),(19,'Samsung TV',600.00,5,0,'222'),(23,'HP Wireless Printer',400.00,6,0,'751'),(34,'Avril Lavigne: Let Go',11.99,7,0,'443'),(37,'Nelly Furtado: Loose',13.99,7,0,'137'),(38,'Evanescence: Fallen',11.99,7,0,'658'),(41,'Lady Gaga: The Fame',13.99,7,0,'1376'),(46,'Coldplay: A Rush of Blood to the Head',10.99,7,0,'211'),(47,'Jack Johnson: In Between Dreams',12.99,7,0,'533'),(53,'Eminem: Curtain Call: The Hits',11.99,7,0,'533'),(58,'Celine Dion: A New Day Has Come',14.99,7,0,'964'),(59,'Dido: Life for Rent',11.99,7,0,'323'),(61,'50 Cent: Get Rich or Die Tryin\'',14.99,7,0,'1422'),(62,'Jack Johnson: Sleep Through the Static',14.99,7,0,'441'),(64,'Madonna: Music',13.99,7,0,'638'),(68,'Imagine Dragons: Night Visions',13.99,7,0,'1216'),(71,'Madonna: Confessions on a Dance Floor',10.99,7,0,'684'),(73,'Nickelback: Silver Side Up',12.99,7,0,'1070'),(74,'Justin Timberlake: Justified',10.99,7,0,'400'),(76,'Justin Timberlake: FutureSex/LoveSounds',10.99,7,0,'1489'),(86,'Various Artists: High School Musical 2',12.99,7,0,'1223'),(89,'Eminem: Recovery',12.99,7,0,'964'),(92,'Various Artists: Frozen',11.99,7,0,'1050'),(94,'Beyonce: Lemonade',11.99,7,0,'859'),(97,'Eagles: Hotel California',14.99,7,0,'1046'),(101,'Guns N\' Roses: Appetite for Destruction',10.99,7,0,'1152'),(103,'Elton John: Greatest Hits',12.99,7,0,'1121'),(106,'Metallica: Metallica',14.99,7,0,'652'),(107,'Soundtrack / Bee Gees: Saturday Night Fever',13.99,7,0,'1195'),(109,'Pink Floyd: The Dark Side of the Moon',14.99,7,0,'1118'),(113,'Hootie & the Blowfish: Cracked Rear View',12.99,7,0,'504'),(116,'Steve Miller Band: Greatest Hits 197478',10.99,7,0,'468'),(118,'Soundtrack / Whitney Houston: The Bodyguard',14.99,7,0,'727'),(127,'The Beatles: Abbey Road',13.99,7,0,'401'),(128,'Led Zeppelin: Led Zeppelin II',14.99,7,0,'565'),(131,'Bon Jovi: Slippery When Wet',13.99,7,0,'124'),(134,'Backstreet Boys: Backstreet Boys',13.99,7,0,'223'),(136,'Celine Dion: Falling into You',10.99,7,0,'643'),(137,'Creed: Human Clay',10.99,7,0,'1048'),(139,'Billy Joel: Greatest Hits Volume I & Volume II',10.99,7,1,'408'),(146,'Aerosmith: Greatest Hits',11.99,7,0,'1068'),(148,'Soundtrack: Dirty Dancing',12.99,7,0,'444'),(149,'Celine Dion: Let\'s Talk About Love',13.99,7,0,'316'),(151,'Nirvana: Nevermind',10.99,7,0,'148'),(152,'Kid Rock: Devil Without a Cause',13.99,7,0,'1093'),(157,'Pearl Jam: Ten',11.99,7,0,'721'),(158,'Patsy Cline: Patsy Cline\'s Greatest Hits',11.99,7,1,'225'),(163,'Billy Joel: The Stranger',14.99,7,0,'261'),(164,'Van Halen: Van Halen',14.99,7,0,'529'),(166,'Def Leppard: Pyromania',12.99,7,0,'364'),(167,'Lionel Richie: Can\'t Slow Down',12.99,7,1,'135'),(172,'Michael Jackson: Bad',12.99,7,1,'880'),(173,'George Michael: Faith',13.99,7,0,'1096'),(178,'Boyz II Men: II',14.99,7,0,'1340'),(179,'Garth Brooks: Ropin\' the Wind',14.99,7,0,'513'),(181,'Adele: 25',13.99,7,0,'1245'),(184,'Bob Seger: Greatest Hits',11.99,7,0,'387'),(188,'Nelly: Country Grammar',10.99,7,1,'900'),(191,'Dixie Chicks: Fly',10.99,7,1,'440'),(193,'Mariah Carey: Music Box',14.99,7,0,'799'),(194,'Led Zeppelin: Physical Graffiti',14.99,7,0,'1173'),(197,'Garth Brooks: The Hits',13.99,7,0,'571'),(199,'The Beatles: 19621966',14.99,7,0,'634'),(206,'Garth Brooks: Sevens',13.99,7,0,'582'),(211,'2Pac: All Eyez On Me',14.99,7,0,'139'),(212,'Garth Brooks: The Ultimate Hits',12.99,7,0,'250'),(214,'Soundtrack: Forrest Gump',14.99,7,0,'733'),(218,'Zork',59.99,8,0,'1414'),(223,'Defender',59.99,8,0,'571'),(226,'Joust',49.99,8,0,'1312'),(227,'Ms. Pac-Man',49.99,8,0,'546'),(229,'Robotron: 2084',44.99,8,1,'1496'),(232,'Gauntlet',54.99,8,0,'142'),(233,'Super Mario Bros.',59.99,8,0,'320'),(236,'Out Run',59.99,8,0,'1073'),(239,'Mike Tyson\'s Punch-Out!!',59.99,8,0,'108'),(241,'Mega Man 2',59.99,8,0,'1418'),(244,'SimCity',59.99,8,0,'1068'),(248,'Civilization',59.99,8,1,'986'),(251,'Monkey Island 2: LeChuck\'s Revenge',54.99,8,0,'224'),(254,'Mortal Kombat',44.99,8,0,'861'),(256,'Super Mario Kart',44.99,8,0,'737'),(257,'Wolfenstein 3D',59.99,8,0,'999'),(262,'Myst',59.99,8,0,'1283'),(263,'NBA Jam',49.99,8,0,'518'),(268,'EarthBound',54.99,8,0,'1443'),(269,'Final Fantasy VI',44.99,8,0,'1361'),(271,'Super Metroid',54.99,8,0,'976'),(272,'UFO: Enemy Unknown',44.99,8,0,'696'),(274,'Yoshi\'s Island',59.99,8,1,'450'),(277,'Duke Nukem 3D',44.99,8,0,'1465'),(278,'Pokemon Red and Blue',49.99,8,1,'275'),(281,'Super Mario 64',44.99,8,0,'1077'),(283,'Castlevania: Symphony of the Night',49.99,8,0,'263'),(284,'Final Fantasy Tactics',54.99,8,1,'782'),(289,'Star Wars Jedi Knight: Dark Forces II',54.99,8,0,'221'),(292,'Grim Fandango',44.99,8,0,'1459'),(293,'Half-Life',44.99,8,0,'932'),(296,'Panzer Dragoon Saga',59.99,8,0,'182'),(298,'StarCraft',44.99,8,1,'816'),(302,'Planescape: Torment',59.99,8,0,'632'),(304,'Shenmue',54.99,8,0,'611'),(307,'Counter-Strike',49.99,8,0,'1059'),(311,'The Legend of Zelda: Majora\'s Mask',49.99,8,0,'563'),(313,'Thief II: The Metal Age',49.99,8,0,'940'),(314,'Tony Hawk\'s Pro Skater 2',44.99,8,0,'108'),(316,'Animal Crossing',54.99,8,0,'423'),(317,'Final Fantasy X',54.99,8,0,'290'),(323,'Max Payne',54.99,8,0,'1482'),(326,'Silent Hill 2',59.99,8,0,'839'),(328,'Grand Theft Auto: Vice City',54.99,8,0,'1050'),(331,'Soulcalibur II',44.99,8,0,'1234'),(332,'Beyond Good & Evil',54.99,8,0,'118'),(334,'Star Wars: Knights of the Old Republic',59.99,8,0,'987'),(337,'Grand Theft Auto: San Andreas',49.99,8,0,'284'),(344,'Devil May Cry 3: Dante\'s Awakening',59.99,8,0,'1157'),(346,'Guitar Hero',44.99,8,0,'633'),(347,'Psychonauts',54.99,8,0,'993'),(349,'Shadow of the Colossus',49.99,8,0,'169'),(353,'Hitman: Blood Money',49.99,8,0,'564'),(356,'Call of Duty 4: Modern Warfare',59.99,8,0,'815'),(358,'Halo 3',54.99,8,0,'882'),(359,'Portal',59.99,8,0,'463'),(361,'Team Fortress 2',59.99,8,0,'971'),(362,'Braid',54.99,8,0,'567'),(367,'Spelunky',44.99,8,0,'1220'),(368,'Assassin\'s Creed II',49.99,8,0,'1498'),(373,'Mass Effect 2',54.99,8,0,'929'),(376,'Super Mario Galaxy 2',54.99,8,0,'1454'),(379,'Dark Souls',49.99,8,1,'180'),(382,'Portal 2',44.99,8,0,'640'),(383,'Dishonored',44.99,8,0,'1162'),(386,'Grand Theft Auto V',49.99,8,0,'987'),(388,'Bloodborne',44.99,8,1,'1350'),(389,'The Witcher 3: Wild Hunt',49.99,8,0,'889'),(391,'Overwatch',44.99,8,0,'295'),(394,'Computer Repair: On-Site, Basic',49.99,9,0,'108'),(397,'TV Installation',39.99,9,0,'955'),(398,'TV Repair',29.99,9,0,'153'),(401,'Laptop Screen Repair',69.99,9,0,'599'),(404,'Snapz Organic Apple Cheese Crisps',1.79,10,0,'1036'),(409,'Mr. Nature Unsalted Trail Mix',1.79,10,0,'482'),(412,'Miss Vickie\'s Smokehouse BBQ',1.79,10,0,'601'),(419,'Cup Noodles With Shrimp',1.79,10,0,'1458'),(421,'Nutella & Go!',1.79,10,0,'1189'),(422,'Starburst Original',1.79,10,0,'1469'),(424,'Welchs Fruit Snacks',1.79,10,0,'879'),(428,'Peanut M&Ms',1.79,10,0,'1288'),(431,'Rice Krispie Treat',1.79,10,0,'902'),(433,'Baby Ruth',1.79,10,0,'547'),(436,'iPhone X',1000.00,3,0,'1328'),(437,'Bose Soundbar',600.00,5,0,'701'),(439,'Amy Winehouse: Back to Black',14.99,7,0,'821'),(440,'Kelly Clarkson: Breakaway',14.99,7,0,'500'),(442,'Nelly Furtado: Whoa, Nelly!',11.99,7,0,'1340'),(443,'Mariah Carey: The Emancipation of Mimi',13.99,7,0,'898'),(446,'AC/DC: Back in Black',10.99,7,0,'467'),(449,'The Beatles: The Beatles',13.99,7,0,'1117'),(451,'Led Zeppelin: Houses of the Holy',10.99,7,0,'1284'),(452,'Britney Spears: Oops!... I Did It Again',11.99,7,1,'170'),(454,'Beastie Boys: Licensed to Ill',14.99,7,0,'1098'),(457,'Eric Clapton: Unplugged',11.99,7,0,'681'),(458,'Shania Twain: Up!',12.99,7,0,'1409'),(460,'Galaga',54.99,8,0,'704'),(461,'Bubble Bobble',44.99,8,0,'591'),(463,'Sonic the Hedgehog',59.99,8,0,'742'),(464,'Mortal Kombat II',59.99,8,0,'439'),(466,'Quake',49.99,8,0,'1269'),(467,'Star Fox 64',59.99,8,0,'727'),(470,'Advance Wars',59.99,8,0,'1127'),(472,'Prince of Persia: The Sands of Time',49.99,8,0,'554'),(473,'World of Warcraft',44.99,8,0,'691'),(475,'Super Mario Galaxy',49.99,8,0,'291'),(478,'The Last of Us',44.99,8,0,'685'),(479,'Computer Repair: On-Site, Advanced',129.99,9,0,'1049'),(481,'Fruit by the Foot (purple flavor)',1.79,10,0,'293'),(482,'Planters Spicy Nuts & Cajun Sticks Trail Mix',1.79,10,0,'1016'),(499,'Samsung Dryer',400.00,2,0,'1301'),(500,'Bose Headphones',400.00,4,0,'557'),(502,'Norah Jones: Come Away With Me',14.99,7,0,'183'),(505,'Blink-182: Take Off Your Pants and Jacket',12.99,7,0,'676'),(506,'Alicia Keys: Songs in A Minor',12.99,7,0,'243'),(512,'Garth Brooks: No Fences',12.99,7,0,'879'),(514,'Santana: Supernatural',12.99,7,0,'870'),(515,'Kenny G: Breathless',13.99,7,0,'211'),(517,'Eagles: Eagles Greatest Hits, Vol. 2',12.99,7,0,'1148'),(520,'ZZ Top: Eliminator',11.99,7,0,'806'),(521,'Garth Brooks: Garth Brooks',11.99,7,0,'487'),(523,'Soundtrack: The Lion King',10.99,7,0,'1315'),(524,'Garth Brooks: Double Live',13.99,7,0,'813'),(526,'Pong',59.99,8,0,'1422'),(527,'Donkey Kong',44.99,8,0,'371'),(529,'Double Dragon',54.99,8,0,'290'),(530,'The Secret of Monkey Island',54.99,8,0,'235'),(533,'Chrono Trigger',54.99,8,0,'208'),(535,'Gran Turismo',49.99,8,0,'232'),(536,'The Legend of Zelda: Ocarina of Time',44.99,8,0,'437'),(538,'Deus Ex',54.99,8,0,'1389'),(541,'Burnout 3: Takedown',59.99,8,0,'1332'),(542,'Civilization IV',44.99,8,0,'994'),(544,'God of War II',44.99,8,0,'875'),(545,'Fallout 3',44.99,8,0,'1294'),(547,'The Walking Dead',44.99,8,0,'943'),(548,'The Legend of Zelda: Breath of the Wild',54.99,8,0,'732'),(550,'Act II Butter Popcorn',1.79,10,0,'734'),(551,'Flamin Hot Cheetos',1.79,10,0,'1371'),(554,'Takis Fuego',1.79,10,0,'353'),(562,'Nokia \"The Brick\"',550.00,3,0,'354'),(565,'Coldplay: X&Y',12.99,7,0,'491'),(566,'Beyonce: Dangerously in Love',12.99,7,0,'523'),(568,'Boston: Boston',14.99,7,1,'1040'),(569,'Phil Collins: No Jacket Required',12.99,7,0,'732'),(571,'Dixie Chicks: Wide Open Spaces',13.99,7,0,'441'),(572,'Madonna: Like a Virgin',13.99,7,0,'1308'),(575,'Missile Command',44.99,8,0,'919'),(577,'The Legend of Zelda: Link\'s Awakening',44.99,8,0,'570'),(578,'GoldenEye 007',54.99,8,0,'1391'),(580,'The Sims',59.99,8,0,'947'),(583,'Super Meat Boy',49.99,8,0,'461'),(584,'Inside',44.99,8,1,'765'),(586,'Crunchy Cheetos',1.79,10,0,'940'),(587,'Flamin Hot Funyuns',1.79,10,0,'904'),(593,'iPhone 7',600.00,3,0,'203'),(596,'Green Day: American Idiot',11.99,7,0,'1003'),(598,'James Blunt: Back to Bedlam',11.99,7,0,'103'),(599,'Susan Boyle: I Dreamed a Dream',14.99,7,0,'209'),(601,'Whitney Houston: Whitney Houston',10.99,7,0,'633'),(604,'Madonna: The Immaculate Collection',10.99,7,0,'1041'),(605,'TLC: CrazySexyCool',10.99,7,0,'403'),(607,'Asteroids',44.99,8,1,'195'),(608,'Super Mario Bros. 3',54.99,8,0,'1065'),(610,'Sam & Max Hit the Road',49.99,8,0,'438'),(611,'Civilization II',44.99,8,0,'296'),(613,'Metroid Prime',54.99,8,0,'1467'),(614,'Rome: Total War',49.99,8,1,'748'),(617,'Red Dead Redemption',44.99,8,0,'637'),(619,'Nature Valley Oats n Dark Chocolate',1.79,10,0,'843'),(625,'iPhone 8',700.00,3,0,'804'),(626,'Beats Headphones',500.00,4,0,'1392'),(629,'Backstreet Boys: Black & Blue',10.99,7,0,'1153'),(631,'Shakira: Laundry Service',11.99,7,0,'727'),(632,'Avril Lavigne: Under My Skin',14.99,7,0,'1475'),(635,'Various Artists: High School Musical',11.99,7,1,'1350'),(638,'Meat Loaf: Bat Out of Hell',10.99,7,0,'1164'),(640,'Britney Spears: ...Baby One More Time',14.99,7,0,'271'),(641,'James Taylor: Greatest Hits',14.99,7,0,'563'),(643,'Usher: Confessions',14.99,7,0,'500'),(646,'Shania Twain: The Woman in Me',14.99,7,0,'712'),(647,'The Beatles: 1967-1970',10.99,7,0,'561'),(649,'Outkast: Speakerboxxx/The Love Below',10.99,7,0,'567'),(650,'Bruce Springsteen: Live/197585',10.99,7,0,'1052'),(652,'The Legend of Zelda',44.99,8,0,'661'),(653,'R-Type',44.99,8,0,'1446'),(655,'Sonic the Hedgehog 2',49.99,8,0,'948'),(656,'Secret of Mana',44.99,8,0,'304'),(659,'Metal Gear Solid',59.99,8,0,'1373'),(661,'System Shock 2',44.99,8,0,'254'),(662,'Jet Set Radio',54.99,8,0,'1253'),(664,'WarioWare, Inc.: Mega Microgames!',44.99,8,0,'1201'),(667,'BioShock',54.99,8,0,'749'),(668,'Grand Theft Auto IV',54.99,8,0,'1438'),(670,'StarCraft II: Wings of Liberty',44.99,8,1,'646'),(671,'The Elder Scrolls V: Skyrim',59.99,8,0,'213'),(673,'Phone Screen Replace',89.99,9,0,'429'),(674,'Skinny Pop Popcorn',1.79,10,0,'1406'),(676,'Reeses Peanut Butter Cups',1.79,10,0,'1442'),(677,'Miss Vickie\'s Jalapeno',1.79,10,0,'1493'),(688,'GE Dryer',400.00,2,0,'241'),(689,'Samsung Galaxy',600.00,3,0,'823'),(691,'NSYNC: No Strings Attached',14.99,7,0,'492'),(692,'Pink: Missundaztood',14.99,7,0,'1290'),(694,'Britney Spears: In The Zone',13.99,7,0,'674'),(695,'Coldplay: Viva la Vida or Death and All His Friends',10.99,7,0,'803'),(697,'Michael Jackson: Thriller',12.99,7,0,'489'),(698,'Shania Twain: Come On Over',12.99,7,0,'1339'),(701,'The Beatles: 1',12.99,7,0,'928'),(703,'Pink Floyd: The Wall',12.99,7,0,'524'),(704,'Linkin Park: Hybrid Theory',12.99,7,0,'1133'),(706,'U2: The Joshua Tree',11.99,7,0,'1196'),(709,'Jewel: Pieces of You',11.99,7,1,'1080'),(710,'Tom Petty and the Heartbreakers: Greatest Hits',14.99,7,0,'310'),(712,'The Rolling Stones: Hot Rocks 1964-1971',11.99,7,0,'1012'),(713,'The Smashing Pumpkins: Mellon Collie and the Infinite Sadness',14.99,7,0,'1231'),(715,'Pac-Man',54.99,8,0,'217'),(716,'Pitfall!',49.99,8,0,'1491'),(718,'Super Mario World',59.99,8,0,'1106'),(719,'The Legend of Zelda: A Link to the Past',54.99,8,0,'955'),(722,'Command & Conquer: Red Alert',59.99,8,0,'1356'),(724,'Fallout 2',44.99,8,0,'1017'),(725,'Quake III: Arena',49.99,8,0,'915'),(727,'Gran Turismo 3: A-Spec',49.99,8,0,'1425'),(730,'Katamari Damacy',59.99,8,0,'1482'),(731,'Resident Evil 4',54.99,8,0,'234'),(733,'Persona 4',44.99,8,0,'826'),(734,'Limbo',54.99,8,0,'524'),(736,'Journey',49.99,8,0,'1446'),(737,'Computer Repair: Basic',29.99,9,0,'1356'),(739,'Bowl Noodle Soup Sabor Picante',1.79,10,0,'941'),(740,'Instant Lunch Chicken Flavor',1.79,10,0,'537'),(750,'U2: All That You Can\'t Leave Behind',12.99,7,0,'1162'),(751,'Backstreet Boys: Millennium',10.99,7,0,'1301'),(752,'No Doubt: Tragic Kingdom',13.99,7,0,'116'),(753,'Prince of Persia',49.99,8,1,'780'),(754,'Baldur\'s Gate II: Shadows of Amn',49.99,8,0,'652'),(755,'Batman: Arkham Asylum',54.99,8,0,'820'),(756,'White Chocolate Macadamia Nut Cliff Bar',1.79,10,0,'643'),(757,'Britney Spears: Britney',12.99,7,0,'653'),(758,'Led Zeppelin: Led Zeppelin IV',10.99,7,0,'1240'),(759,'NSYNC: *NSYNC',10.99,7,0,'1337'),(760,'The Doors: The Best of The Doors',10.99,7,0,'1468'),(761,'SimCity 2000',59.99,8,0,'427'),(762,'Ikaruga',44.99,8,0,'430'),(763,'Uncharted 2: Among Thieves',49.99,8,0,'772'),(764,'Caramel Almond & Sea Salt Kind Bar',1.79,10,0,'1068'),(765,'Taylor Swift: 1989',11.99,7,0,'122'),(766,'2Pac: Greatest Hits',13.99,7,0,'109'),(767,'Rez',59.99,8,0,'1480'),(768,'Eminem: Encore',10.99,7,0,'1371'),(769,'Def Leppard: Hysteria',13.99,7,0,'914'),(770,'Street Fighter II',59.99,8,0,'359'),(771,'Dead Space',59.99,8,0,'351'),(772,'Whitney Houston: Whitney: The Greatest Hits',13.99,7,1,'578'),(773,'Fleetwood Mac: Rumours',11.99,7,0,'336'),(774,'Carole King: Tapestry',13.99,7,0,'1247'),(775,'Elite',59.99,8,0,'927'),(776,'Tekken 3',49.99,8,0,'795'),(777,'Metal Gear Solid 3: Snake Eater',44.99,8,0,'1095'),(778,'Computer Repair: Advanced',79.99,9,0,'188'),(779,'System of a Down: Toxicity',12.99,7,0,'357'),(780,'Simon & Garfunkel: Simon and Garfunkel\'s Greatest Hits',11.99,7,0,'1120'),(781,'MC Hammer: Please Hammer, Don\'t Hurt \'Em',10.99,7,0,'228'),(782,'Space Invaders',49.99,8,0,'482'),(783,'Donkey Kong Country',59.99,8,0,'224'),(784,'Ico',49.99,8,0,'973'),(785,'Minecraft',49.99,8,0,'1296'),(786,'Snickers',1.79,10,0,'659'),(815,'Alanis Morissette: Jagged Little Pill',10.99,7,0,'869'),(816,'Adele: 21',10.99,7,0,'1271'),(817,'Doobie Brothers: Best of The Doobies',10.99,7,0,'848'),(818,'Mariah Carey: Daydream',11.99,7,0,'328'),(819,'Led Zeppelin: Led Zeppelin Boxed Set',10.99,7,0,'396'),(820,'Star Wars: TIE Fighter',59.99,8,0,'896'),(821,'SoulCalibur',49.99,8,0,'391'),(822,'Metal Gear Solid 2: Sons of Liberty',59.99,8,0,'567'),(823,'The Elder Scrolls IV: Oblivion',54.99,8,0,'162'),(824,'Batman: Arkham City',44.99,8,0,'407'),(825,'Zone Perfect Nutrition Chocolate Peanut Butter Bar',1.79,10,0,'1452'),(826,'Brother Printer',300.00,6,0,'339'),(827,'Christina Aguilera: Stripped',10.99,7,0,'1437'),(828,'One Direction: Midnight Memories',14.99,7,0,'469'),(829,'Journey: Greatest Hits',11.99,7,0,'734'),(830,'Soundtrack: Titanic',12.99,7,1,'765'),(831,'Creedence Clearwater Revival: Chronicle, Vol. 1',10.99,7,0,'122'),(832,'Matchbox Twenty: Yourself or Someone Like You',10.99,7,0,'1013'),(833,'Tetris',44.99,8,0,'402'),(834,'Doom',54.99,8,0,'268'),(835,'Resident Evil',54.99,8,0,'1435'),(836,'Homeworld',49.99,8,0,'672'),(837,'The Legend of Zelda: The Wind Waker',44.99,8,0,'353'),(838,'Tom Clancy\'s Splinter Cell: Chaos Theory',49.99,8,0,'1049'),(839,'Phone Screen Repair',34.99,9,0,'1286'),(840,'Bon Appetit Blueberry Muffin',1.79,10,0,'384'),(841,'Enya: A Day Without Rain',13.99,7,0,'762'),(842,'The Beatles: Sgt. Pepper\'s Lonely Hearts Club Band',10.99,7,0,'1158'),(843,'Nickelback: All the Right Reasons',11.99,7,1,'605'),(844,'Another World',59.99,8,0,'851'),(845,'Thief: The Dark Project',54.99,8,0,'939'),(846,'Half-Life 2',49.99,8,0,'644'),(847,'Product Refund',0.00,9,0,'304'),(848,'HP Printer',350.00,6,1,'884'),(849,'Enrique Iglesias: Escape',10.99,7,0,'611'),(850,'Bob Marley & The Wailers: Legend',12.99,7,0,'303'),(851,'REO Speedwagon: Hi Infidelity',10.99,7,0,'981'),(852,'Stevie Wonder: Songs in the Key of Life',12.99,7,0,'1096'),(853,'Grand Theft Auto III',54.99,8,0,'1038'),(854,'Gears of War',49.99,8,0,'403'),(855,'Hawaiian Luau BBQ Kettle Chips',1.79,10,0,'199'),(856,'GE Washer',450.00,2,0,'1087'),(857,'Visio TV',500.00,5,0,'539'),(858,'Maroon 5: Songs About Jane',13.99,7,0,'734'),(859,'Eagles: Their Greatest Hits (19711975)',14.99,7,1,'550'),(860,'Prince and the Revolution: Purple Rain',13.99,7,0,'451'),(861,'Eminem: The Eminem Show',14.99,7,0,'503'),(862,'Van Halen: 1984 (MCMLXXXIV)',11.99,7,0,'1064'),(863,'Taylor Swift: Fearless',11.99,7,0,'911'),(864,'Lemmings',44.99,8,0,'1264'),(865,'Final Fantasy VII',44.99,8,0,'685'),(866,'Age of Empires II',54.99,8,0,'936'),(867,'Halo: Combat Evolved',59.99,8,1,'1122'),(868,'God of War',44.99,8,0,'1304'),(869,'Left 4 Dead 2',44.99,8,0,'253'),(870,'Famous Amos Double Chocolate Chip',1.79,10,0,'1455'),(871,'Miss Vickies Sea Salt & Vinegar',1.79,10,0,'814'),(872,'HP ThinkPad',1500.00,1,0,'1003'),(873,'Eminem: The Marshall Mathers LP',14.99,7,0,'1076'),(875,'Bruce Springsteen: Born in the U.S.A.',14.99,7,0,'1032'),(876,'Kenny Rogers: Greatest Hits',11.99,7,0,'1041'),(877,'Elvis Presley: Elvis\' Christmas Album',13.99,7,0,'610'),(878,'Green Day: Dookie',13.99,7,0,'1229'),(879,'The Notorious B.I.G.: Life After Death',11.99,7,0,'1413'),(880,'Contra',54.99,8,0,'477'),(881,'Day of the Tentacle',49.99,8,0,'849'),(882,'Tomb Raider',44.99,8,0,'1311'),(883,'Diablo II',59.99,8,0,'1109'),(884,'Super Smash Bros. Melee',49.99,8,0,'111'),(885,'Wii Sports',59.99,8,0,'1329'),(886,'Laptop Screen Replace',149.99,9,0,'614'),(887,'belVita Cinnamon Brown Sugar Breakfast Biscuits',1.79,10,0,'381');
UNLOCK TABLES;

DROP TABLE IF EXISTS `reviews`;
CREATE TABLE `reviews` (
  `ReviewID` int(11) NOT NULL AUTO_INCREMENT,
  `ProductID` int(11) DEFAULT NULL,
  `Reviewer` varchar(45) DEFAULT NULL,
  `Rating` int(11) DEFAULT NULL,
  `Comment` varchar(250) DEFAULT NULL,
  PRIMARY KEY (`ReviewID`),
  UNIQUE KEY `ReviewID_UNIQUE` (`ReviewID`),
  KEY `fk_productid_idx` (`ProductID`),
  CONSTRAINT `fk_productid` FOREIGN KEY (`ProductID`) REFERENCES `products` (`ProductID`) ON DELETE NO ACTION ON UPDATE NO ACTION
) ENGINE=InnoDB AUTO_INCREMENT=23 DEFAULT CHARSET=latin1;

LOCK TABLES `reviews` WRITE;
INSERT INTO `reviews` VALUES (1,4,'Anthony',1,'Too expensive for only half the mouse buttons.  Where\'s the USB port?'),(2,2,'Kristine',5,'So much better than my old Mac!! Why did it take me so long to realize the hype for Apple was totally empty???'),(3,688,'John',3,'Clothes came out more dry than when I put them in'),(4,436,'Dorothy',4,'Can\'t find the home button or where to plug in my headphones.'),(5,562,'Jose',5,'Still using mine that I bought in 1877.'),(6,626,'Jacob',2,'Gives me a headache.'),(7,857,'Della',1,'DOA. Thankfully was able to get a refund!  STAY AWAY!'),(8,857,'Holly',5,'Best TV I\'ve ever had! Must buy!!!'),(9,846,'Patricia',5,'Best game I\'ve ever played, can\'t wait for the sequel!!!'),(10,254,'Shannon',4,'GET OVER HERE!'),(11,867,'Martha',5,'A great remake for a classic title!'),(12,785,'Fadi',5,'Bought for my kid and they love it.'),(13,233,'Kathie',4,'Your review is in another castle.'),(14,379,'Bob',2,'I still can\'t figure out how to beat the first boss'),(15,379,'Orlando',5,'GIT GUD'),(16,278,'Frances',4,'A great Christmas present for your child'),(17,181,'David',5,'My favourite album to listen to during tea time.'),(18,47,'Abigail',4,'So chill, like me at all times'),(19,520,'Douglas',1,'bought this for my gf but she left me and also it didnt come wiht power calbe so gotta return'),(20,586,'Betty',2,'Too crunchy!'),(21,419,'Roger',5,'I\'m a sucker for fresh seafood!'),(22,674,'James',2,'I\'ve had like 100 of these and I\'m not any skinnier. FALSE ADVERTISING!!!!!!!!!!!!!!!!!!!');
UNLOCK TABLES;

DROP TABLE IF EXISTS `sales`;
CREATE TABLE `sales` (
  `SalesID` int(11) NOT NULL AUTO_INCREMENT,
  `ProductID` int(11) NOT NULL,
  `Quantity` int(11) NOT NULL,
  `PricePerUnit` decimal(8,2) NOT NULL,
  `Date` datetime NOT NULL DEFAULT CURRENT_TIMESTAMP,
  `EmployeeID` int(11) DEFAULT NULL,
  PRIMARY KEY (`SalesID`),
  UNIQUE KEY `SalesID_UNIQUE` (`SalesID`),
  KEY `productid_FK_idx` (`ProductID`),
  KEY `employee_FK_idx` (`EmployeeID`),
  CONSTRAINT `employee_FK` FOREIGN KEY (`EmployeeID`) REFERENCES `employees` (`EmployeeID`) ON DELETE NO ACTION ON UPDATE NO ACTION,
  CONSTRAINT `productid_FK` FOREIGN KEY (`ProductID`) REFERENCES `products` (`ProductID`) ON DELETE NO ACTION ON UPDATE NO ACTION
) ENGINE=InnoDB AUTO_INCREMENT=5416 DEFAULT CHARSET=latin1;

LOCK TABLES `sales` WRITE;
INSERT INTO `sales` VALUES (628,2,2,1600.00,'2019-01-20 15:25:00',33809),(629,4,4,2200.00,'2017-01-19 15:25:00',33841),(631,16,4,450.00,'2016-11-11 15:25:00',33449),(632,17,1,300.00,'2016-07-28 15:25:00',32944),(634,23,3,400.00,'2017-11-08 15:25:00',33773),(640,38,3,11.99,'2017-12-26 15:25:00',33840),(641,41,1,13.99,'2015-10-21 15:25:00',33865),(643,46,3,10.99,'2018-10-26 15:25:00',33397),(646,58,2,14.99,'2015-07-31 15:25:00',33081),(647,59,1,11.99,'2017-05-16 15:25:00',32928),(652,68,1,13.99,'2017-06-27 15:25:00',33858),(653,71,1,10.99,'2018-06-11 15:25:00',33737),(655,74,1,10.99,'2018-06-02 15:25:00',32940),(656,76,3,10.99,'2018-04-06 15:25:00',32938),(661,89,2,12.99,'2015-03-18 15:25:00',32925),(662,92,1,11.99,'2017-03-14 15:25:00',33430),(664,97,2,14.99,'2015-12-26 15:25:00',33851),(667,106,3,14.99,'2016-06-09 15:25:00',32805),(668,107,4,13.99,'2016-09-12 15:25:00',33786),(670,113,2,12.99,'2018-12-26 15:25:00',33830),(677,131,2,13.99,'2015-08-26 15:25:00',33411),(680,137,2,10.99,'2017-01-26 15:25:00',33867),(683,146,3,11.99,'2017-07-31 15:25:00',33448),(685,149,3,13.99,'2018-10-31 15:25:00',33865),(688,157,3,11.99,'2017-04-15 15:25:00',33454),(691,164,3,14.99,'2017-09-20 15:25:00',32800),(692,166,2,12.99,'2019-02-23 15:25:00',33797),(694,172,2,12.99,'2016-10-05 15:25:00',33811),(695,173,2,13.99,'2016-10-27 15:25:00',33419),(697,179,2,14.99,'2019-03-27 15:25:00',33062),(698,181,2,13.99,'2018-04-16 15:25:00',33879),(701,191,4,10.99,'2019-01-18 15:25:00',33301),(703,194,3,14.99,'2016-06-29 15:25:00',33794),(709,212,3,12.99,'2018-08-26 15:25:00',32813),(710,214,3,14.99,'2018-11-03 15:25:00',33428),(712,223,3,59.99,'2016-12-12 15:25:00',33431),(713,226,4,49.99,'2016-08-02 15:25:00',33845),(716,232,4,54.99,'2018-03-11 15:25:00',32806),(718,236,2,59.99,'2015-09-28 15:25:00',33433),(719,239,1,59.99,'2018-10-24 15:25:00',33421),(722,248,4,59.99,'2017-02-28 15:25:00',33876),(724,254,3,44.99,'2016-12-14 15:25:00',32939),(725,256,4,44.99,'2015-06-07 15:25:00',33409),(727,262,2,59.99,'2015-03-02 15:25:00',32801),(730,269,1,44.99,'2018-06-18 15:25:00',32944),(731,271,3,54.99,'2017-12-01 15:25:00',32930),(733,274,2,59.99,'2016-06-01 15:25:00',33757),(734,277,2,44.99,'2017-05-15 15:25:00',33082),(736,281,2,44.99,'2016-08-16 15:25:00',33430),(739,289,1,54.99,'2018-11-16 15:25:00',33862),(740,292,4,44.99,'2017-03-19 15:25:00',33453),(743,298,3,44.99,'2016-01-09 15:25:00',33864),(745,304,3,54.99,'2016-10-07 15:25:00',33827),(746,307,2,49.99,'2016-08-13 15:25:00',33842),(751,317,3,54.99,'2018-05-29 15:25:00',33782),(752,323,1,54.99,'2016-03-18 15:25:00',33824),(755,331,1,44.99,'2018-01-29 15:25:00',32931),(757,334,3,59.99,'2017-04-14 15:25:00',33300),(758,337,2,49.99,'2016-07-16 15:25:00',33446),(760,346,4,44.99,'2016-01-11 15:25:00',33414),(761,347,2,54.99,'2018-11-05 15:25:00',32813),(764,356,2,59.99,'2016-10-16 15:25:00',33751),(766,359,3,59.99,'2018-06-21 15:25:00',33768),(769,367,2,44.99,'2016-11-06 15:25:00',32797),(772,376,4,54.99,'2016-10-07 15:25:00',33809),(773,379,2,49.99,'2018-11-17 15:25:00',33819),(775,383,3,44.99,'2015-07-12 15:25:00',32938),(776,386,4,49.99,'2015-05-19 15:25:00',33440),(778,389,4,49.99,'2019-01-16 15:25:00',33768),(779,391,3,44.99,'2017-03-08 15:25:00',32940),(782,398,1,29.99,'2015-08-31 15:25:00',33735),(785,409,1,1.79,'2017-07-17 15:25:00',33844),(787,419,4,1.79,'2015-03-20 15:25:00',33833),(788,421,1,1.79,'2015-09-18 15:25:00',33408),(790,424,4,1.79,'2017-07-31 15:25:00',33304),(794,436,3,1000.00,'2017-03-07 15:25:00',33765),(796,439,3,14.99,'2017-11-26 15:25:00',33077),(797,440,2,14.99,'2018-06-22 15:25:00',33735),(799,443,2,13.99,'2019-01-08 15:25:00',33087),(802,449,3,13.99,'2018-09-03 15:25:00',32790),(808,460,1,54.99,'2015-05-25 15:25:00',32924),(809,461,3,44.99,'2016-12-07 15:25:00',33396),(811,464,3,59.99,'2018-03-06 15:25:00',32813),(815,472,3,49.99,'2015-03-23 15:25:00',33862),(817,475,3,49.99,'2017-02-07 15:25:00',33091),(818,478,4,44.99,'2016-09-18 15:25:00',33814),(820,481,2,1.79,'2018-06-23 15:25:00',33876),(821,482,2,1.79,'2016-07-16 15:25:00',33780),(823,500,2,400.00,'2017-09-28 15:25:00',33856),(824,502,3,14.99,'2016-06-11 15:25:00',33811),(827,506,4,12.99,'2016-08-20 15:25:00',33750),(830,512,4,12.99,'2019-01-09 15:25:00',33771),(835,521,2,11.99,'2017-07-07 15:25:00',33422),(838,526,2,59.99,'2015-11-12 15:25:00',33447),(839,527,2,44.99,'2015-06-16 15:25:00',33788),(841,530,2,54.99,'2016-08-02 15:25:00',33435),(842,533,3,54.99,'2017-10-27 15:25:00',33399),(844,536,2,44.99,'2015-07-13 15:25:00',32923),(848,544,2,44.99,'2019-02-12 15:25:00',33853),(850,547,3,44.99,'2016-07-20 15:25:00',32929),(851,548,2,54.99,'2017-02-25 15:25:00',33425),(853,551,3,1.79,'2016-01-11 15:25:00',32804),(857,565,4,12.99,'2016-12-27 15:25:00',33741),(859,568,3,14.99,'2016-01-31 15:25:00',33418),(860,569,3,12.99,'2018-03-03 15:25:00',33812),(862,572,4,13.99,'2018-08-20 15:25:00',32810),(863,575,2,44.99,'2016-12-21 15:25:00',33874),(865,578,2,54.99,'2015-10-07 15:25:00',33861),(866,580,2,59.99,'2016-04-04 15:25:00',33298),(872,596,3,11.99,'2017-12-25 15:25:00',33809),(874,599,3,14.99,'2017-02-27 15:25:00',33087),(877,605,3,10.99,'2018-12-01 15:25:00',33871),(878,607,1,44.99,'2015-08-04 15:25:00',32927),(881,611,1,44.99,'2015-07-23 15:25:00',33775),(883,614,1,49.99,'2018-01-24 15:25:00',33735),(886,625,2,700.00,'2016-11-22 15:25:00',33435),(887,626,2,500.00,'2019-01-22 15:25:00',32801),(890,631,3,11.99,'2018-06-30 15:25:00',33401),(893,635,2,11.99,'2017-10-23 15:25:00',32808),(895,640,3,14.99,'2015-06-24 15:25:00',33437),(898,646,2,14.99,'2016-05-07 15:25:00',33424),(899,647,2,10.99,'2015-10-01 15:25:00',33422),(901,650,3,10.99,'2016-05-03 15:25:00',33784),(904,655,4,49.99,'2015-04-07 15:25:00',33423),(905,656,4,44.99,'2017-07-04 15:25:00',32941),(907,661,4,44.99,'2015-08-17 15:25:00',33401),(908,662,3,54.99,'2019-03-13 15:25:00',33875),(911,668,1,54.99,'2017-05-13 15:25:00',33437),(914,673,1,89.99,'2015-06-19 15:25:00',32944),(916,676,3,1.79,'2015-11-26 15:25:00',33834),(919,689,1,600.00,'2015-07-12 15:25:00',33752),(920,691,1,14.99,'2016-11-25 15:25:00',33758),(922,694,2,13.99,'2016-02-29 15:25:00',33741),(925,698,3,12.99,'2018-11-17 15:25:00',33768),(926,701,3,12.99,'2017-08-29 15:25:00',33081),(928,704,3,12.99,'2018-06-26 15:25:00',33869),(929,706,2,11.99,'2015-06-27 15:25:00',33882),(932,712,1,11.99,'2015-10-06 15:25:00',33773),(934,715,4,54.99,'2017-09-02 15:25:00',33820),(937,719,2,54.99,'2018-02-18 15:25:00',33793),(940,725,3,49.99,'2015-02-17 15:25:00',33296),(941,727,2,49.99,'2017-10-15 15:25:00',33407),(943,731,2,54.99,'2018-09-12 15:25:00',33799),(944,733,2,44.99,'2018-06-27 15:25:00',33777),(947,737,3,29.99,'2015-06-19 15:25:00',33758),(950,750,2,12.99,'2018-08-20 15:25:00',33443),(953,753,3,49.99,'2018-04-10 15:25:00',33773),(955,755,3,54.99,'2016-07-11 15:25:00',33778),(956,756,1,1.79,'2016-07-26 15:25:00',33302),(958,758,2,10.99,'2016-02-24 15:25:00',33798),(961,761,3,59.99,'2015-10-02 15:25:00',32805),(964,764,3,1.79,'2017-03-16 15:25:00',32937),(965,765,2,11.99,'2016-11-17 15:25:00',32933),(967,767,3,59.99,'2017-11-22 15:25:00',33069),(970,770,2,59.99,'2017-12-19 15:25:00',32933),(971,771,3,59.99,'2016-03-23 15:25:00',33425),(974,774,4,13.99,'2015-03-06 15:25:00',33741),(976,776,3,49.99,'2016-02-02 15:25:00',33762),(977,777,3,44.99,'2015-10-31 15:25:00',32943),(982,782,4,49.99,'2018-01-20 15:25:00',33404),(983,783,3,59.99,'2019-01-21 15:25:00',33397),(985,785,3,49.99,'2018-06-16 15:25:00',33794),(986,786,2,1.79,'2017-06-14 15:25:00',33091),(989,815,2,10.99,'2019-01-29 15:25:00',33882),(991,817,2,10.99,'2015-03-07 15:25:00',33409),(992,818,2,11.99,'2017-10-25 15:25:00',33839),(995,821,1,49.99,'2015-11-06 15:25:00',32934),(997,823,3,54.99,'2015-12-08 15:25:00',33415),(998,824,3,44.99,'2018-05-09 15:25:00',33083),(1000,826,3,300.00,'2018-08-21 15:25:00',33433),(1003,829,3,11.99,'2018-04-17 15:25:00',33296),(1004,830,2,12.99,'2017-09-12 15:25:00',32796),(1006,832,3,10.99,'2016-09-22 15:25:00',33089),(1007,833,2,44.99,'2018-08-26 15:25:00',33747),(1009,835,2,54.99,'2016-09-03 15:25:00',32932),(1010,836,3,49.99,'2015-02-20 15:25:00',33856),(1013,839,2,34.99,'2016-01-12 15:25:00',32791),(1016,842,3,10.99,'2018-03-10 15:25:00',33075),(1018,844,4,59.99,'2015-03-10 15:25:00',33453),(1019,845,2,54.99,'2017-11-22 15:25:00',33300),(1021,847,1,0.00,'2017-04-17 15:25:00',32800),(1024,850,2,12.99,'2015-08-31 15:25:00',33841),(1025,851,3,10.99,'2016-05-17 15:25:00',33080),(1028,854,3,49.99,'2018-01-19 15:25:00',33443),(1030,856,3,450.00,'2019-03-26 15:25:00',33802),(1031,857,2,500.00,'2015-10-17 15:25:00',33798),(1033,859,2,14.99,'2015-07-11 15:25:00',33874),(1037,863,2,11.99,'2016-04-11 15:25:00',33844),(1039,865,2,44.99,'2016-11-28 15:25:00',33855),(1042,868,2,44.99,'2017-09-14 15:25:00',33297),(1046,872,3,1500.00,'2015-06-06 15:25:00',33807),(1049,875,3,14.99,'2016-10-03 15:25:00',33063),(1051,877,4,13.99,'2018-02-21 15:25:00',33077),(1052,878,2,13.99,'2017-04-28 15:25:00',33412),(1054,880,2,54.99,'2017-07-31 15:25:00',32940),(1055,881,4,49.99,'2016-11-07 15:25:00',33064),(1058,884,4,49.99,'2015-06-14 15:25:00',33824),(1060,886,2,149.99,'2016-01-20 15:25:00',33300),(1061,887,2,1.79,'2015-07-11 15:25:00',33881),(1138,1,3,1400.00,'2018-06-15 15:25:02',33069),(1139,2,3,1600.00,'2017-03-28 15:25:02',33776),(1142,16,1,450.00,'2015-03-09 15:25:02',33297),(1145,23,2,400.00,'2016-11-05 15:25:02',33757),(1150,37,2,13.99,'2016-11-07 15:25:02',33069),(1151,38,3,11.99,'2015-12-18 15:25:02',32802),(1154,46,2,10.99,'2017-08-02 15:25:02',33744),(1156,53,3,11.99,'2018-02-01 15:25:02',33447),(1159,61,2,14.99,'2016-03-24 15:25:02',33446),(1160,62,4,14.99,'2017-03-05 15:25:02',33411),(1163,68,1,13.99,'2018-06-07 15:25:02',33822),(1165,73,2,12.99,'2016-04-18 15:25:02',33769),(1171,86,3,12.99,'2015-06-03 15:25:02',32940),(1172,89,4,12.99,'2017-03-19 15:25:02',33446),(1174,94,2,11.99,'2017-07-24 15:25:02',33758),(1175,97,2,14.99,'2015-11-04 15:25:02',33397),(1178,106,1,14.99,'2015-07-20 15:25:02',32924),(1180,109,3,14.99,'2015-03-01 15:25:02',33799),(1181,113,2,12.99,'2017-11-01 15:25:02',33091),(1186,127,3,13.99,'2017-08-29 15:25:02',33858),(1187,128,3,14.99,'2017-08-31 15:25:02',33765),(1189,134,3,13.99,'2018-12-12 15:25:02',32793),(1192,139,1,10.99,'2015-06-30 15:25:02',33850),(1195,148,3,12.99,'2017-08-25 15:25:02',33832),(1198,152,2,13.99,'2016-08-13 15:25:02',33850),(1201,163,2,14.99,'2015-08-19 15:25:02',33448),(1202,164,3,14.99,'2016-02-15 15:25:02',33781),(1205,172,2,12.99,'2018-02-20 15:25:02',33818),(1207,178,2,14.99,'2017-06-18 15:25:02',33814),(1208,179,4,14.99,'2017-01-01 15:25:02',33774),(1213,193,4,14.99,'2015-05-23 15:25:02',33851),(1214,194,1,14.99,'2016-11-13 15:25:02',33799),(1216,199,3,14.99,'2016-03-24 15:25:02',33871),(1219,211,4,14.99,'2016-11-01 15:25:02',33081),(1220,212,2,12.99,'2016-09-13 15:25:02',33447),(1223,223,2,59.99,'2018-12-14 15:25:02',32812),(1226,229,3,44.99,'2015-03-18 15:25:02',33841),(1228,233,4,59.99,'2018-06-17 15:25:02',33091),(1229,236,4,59.99,'2017-09-12 15:25:02',33299),(1231,241,2,59.99,'2017-02-20 15:25:02',33845),(1234,251,3,54.99,'2019-01-31 15:25:02',33766),(1237,257,3,59.99,'2016-07-27 15:25:02',32932),(1238,262,3,59.99,'2015-09-23 15:25:02',32801),(1240,268,4,54.99,'2016-04-25 15:25:02',33739),(1241,269,3,44.99,'2019-03-17 15:25:02',32944),(1244,274,3,59.99,'2018-12-29 15:25:02',33838),(1247,281,3,44.99,'2016-06-19 15:25:02',32805),(1249,284,2,54.99,'2017-09-14 15:25:02',33303),(1250,289,3,54.99,'2017-02-13 15:25:02',33798),(1252,293,1,44.99,'2017-09-30 15:25:02',33420),(1255,302,2,59.99,'2015-12-22 15:25:02',33405),(1256,304,1,54.99,'2019-01-24 15:25:02',33735),(1258,311,2,49.99,'2015-07-30 15:25:02',33073),(1259,313,2,49.99,'2018-09-26 15:25:02',33413),(1262,317,1,54.99,'2017-01-15 15:25:02',33768),(1264,326,4,59.99,'2018-04-14 15:25:02',33796),(1268,334,3,59.99,'2017-11-11 15:25:02',33781),(1270,344,3,59.99,'2017-08-04 15:25:02',33745),(1271,346,4,44.99,'2016-11-17 15:25:02',33412),(1273,349,2,49.99,'2017-04-07 15:25:02',33443),(1277,359,3,59.99,'2017-02-25 15:25:02',33782),(1279,362,3,54.99,'2018-12-04 15:25:02',33404),(1280,367,2,44.99,'2016-07-10 15:25:02',33835),(1282,373,4,54.99,'2016-11-15 15:25:02',33762),(1283,376,2,54.99,'2018-10-31 15:25:02',32810),(1285,382,2,44.99,'2017-09-26 15:25:02',32791),(1286,383,4,44.99,'2016-07-09 15:25:02',33405),(1289,389,3,49.99,'2017-05-14 15:25:02',33864),(1291,394,3,49.99,'2018-05-02 15:25:02',33440),(1292,397,2,39.99,'2016-07-23 15:25:02',33074),(1294,401,3,69.99,'2015-04-11 15:25:02',33863),(1297,412,2,1.79,'2018-08-07 15:25:02',33065),(1301,424,1,1.79,'2017-07-02 15:25:02',32802),(1303,431,2,1.79,'2015-03-31 15:25:02',33296),(1304,433,1,1.79,'2016-09-08 15:25:02',32796),(1306,437,4,600.00,'2018-09-18 15:25:02',33438),(1307,439,1,14.99,'2018-11-25 15:25:02',33815),(1310,443,4,13.99,'2017-07-12 15:25:02',33824),(1312,446,1,10.99,'2016-04-16 15:25:02',33452),(1315,452,1,11.99,'2016-10-16 15:25:02',33437),(1318,458,3,12.99,'2017-02-15 15:25:02',33067),(1319,460,2,54.99,'2015-12-16 15:25:02',33808),(1321,463,1,59.99,'2018-11-28 15:25:02',33090),(1322,464,4,59.99,'2016-07-14 15:25:02',33074),(1324,467,3,59.99,'2016-03-30 15:25:02',33879),(1325,470,2,59.99,'2015-07-16 15:25:02',33764),(1327,473,2,44.99,'2017-09-17 15:25:02',33418),(1328,475,2,49.99,'2018-11-22 15:25:02',33073),(1333,499,3,400.00,'2018-03-03 15:25:02',33451),(1334,500,4,400.00,'2017-02-27 15:25:02',33814),(1343,515,3,13.99,'2016-06-12 15:25:02',33742),(1345,520,3,11.99,'2017-01-03 15:25:02',33786),(1346,521,4,11.99,'2016-11-22 15:25:02',33821),(1348,524,3,13.99,'2015-05-12 15:25:02',33871),(1349,526,2,59.99,'2017-09-19 15:25:02',32799),(1354,535,4,49.99,'2015-03-14 15:25:02',33880),(1355,536,4,44.99,'2015-11-12 15:25:02',33849),(1357,541,1,59.99,'2015-03-25 15:25:02',33453),(1360,545,2,44.99,'2015-06-05 15:25:02',33088),(1361,547,1,44.99,'2015-05-12 15:25:02',33084),(1363,550,1,1.79,'2017-02-23 15:25:02',33838),(1366,562,2,550.00,'2018-07-25 15:25:02',32931),(1369,566,2,12.99,'2017-08-24 15:25:02',33853),(1370,568,2,14.99,'2018-03-08 15:25:02',33816),(1373,572,2,13.99,'2018-05-27 15:25:02',33439),(1376,578,2,54.99,'2016-10-28 15:25:02',33827),(1381,587,2,1.79,'2017-01-09 15:25:02',33748),(1382,593,3,600.00,'2018-07-28 15:25:02',33868),(1384,598,3,11.99,'2015-05-31 15:25:02',33446),(1385,599,2,14.99,'2016-09-16 15:25:02',32938),(1387,604,3,10.99,'2018-05-12 15:25:02',33864),(1388,605,2,10.99,'2017-11-28 15:25:02',33792),(1390,608,4,54.99,'2018-02-23 15:25:02',33414),(1394,614,1,49.99,'2015-07-16 15:25:02',32793),(1396,619,1,1.79,'2019-01-30 15:25:02',33859),(1402,632,4,14.99,'2018-06-01 15:25:02',33834),(1405,638,2,10.99,'2019-02-24 15:25:02',32795),(1406,640,4,14.99,'2018-07-21 15:25:02',33063),(1409,646,1,14.99,'2016-08-21 15:25:02',32793),(1411,649,4,10.99,'2015-08-02 15:25:02',33851),(1412,650,4,10.99,'2017-02-09 15:25:02',33421),(1415,655,3,49.99,'2016-10-03 15:25:02',32920),(1418,661,3,44.99,'2016-07-22 15:25:02',33426),(1420,664,4,44.99,'2015-03-20 15:25:02',33070),(1423,670,4,44.99,'2018-03-24 15:25:02',33301),(1424,671,3,59.99,'2019-01-07 15:25:02',32938),(1426,674,2,1.79,'2016-11-27 15:25:02',33758),(1427,676,2,1.79,'2016-07-24 15:25:02',33867),(1429,688,1,400.00,'2018-02-25 15:25:02',32935),(1432,692,4,14.99,'2016-02-03 15:25:02',33445),(1433,694,1,13.99,'2015-08-16 15:25:02',33866),(1436,698,2,12.99,'2016-05-19 15:25:02',33763),(1438,703,1,12.99,'2017-12-30 15:25:02',33417),(1439,704,2,12.99,'2015-05-08 15:25:02',33789),(1444,713,4,14.99,'2016-03-07 15:25:02',33813),(1445,715,4,54.99,'2018-10-22 15:25:02',33795),(1447,718,3,59.99,'2017-05-14 15:25:02',33058),(1448,719,2,54.99,'2018-11-03 15:25:02',33825),(1450,724,4,44.99,'2019-03-15 15:25:02',32796),(1451,725,3,49.99,'2016-10-31 15:25:02',33735),(1453,730,1,59.99,'2017-04-27 15:25:02',33746),(1454,731,4,54.99,'2017-02-11 15:25:02',32935),(1457,736,4,49.99,'2019-01-28 15:25:02',33833),(1459,739,1,1.79,'2017-10-17 15:25:02',33767),(1460,740,3,1.79,'2015-11-30 15:25:02',33430),(1462,751,1,10.99,'2016-01-26 15:25:02',33070),(1465,754,4,49.99,'2015-09-23 15:25:02',33070),(1466,755,3,54.99,'2017-04-16 15:25:02',33749),(1468,757,4,12.99,'2017-02-08 15:25:02',33873),(1471,760,2,10.99,'2015-07-14 15:25:02',33451),(1472,761,3,59.99,'2017-07-05 15:25:02',33815),(1475,764,1,1.79,'2016-10-23 15:25:02',33877),(1478,767,2,59.99,'2018-03-11 15:25:02',32939),(1480,769,2,13.99,'2015-09-23 15:25:02',33757),(1481,770,1,59.99,'2018-07-15 15:25:02',32795),(1483,772,2,13.99,'2016-01-31 15:25:02',32800),(1486,775,4,59.99,'2016-10-16 15:25:02',33778),(1487,776,2,49.99,'2018-11-02 15:25:02',33818),(1489,778,2,79.99,'2017-06-26 15:25:02',32931),(1490,779,4,12.99,'2016-05-11 15:25:02',33395),(1492,781,3,10.99,'2016-08-23 15:25:02',33776),(1493,782,3,49.99,'2016-02-09 15:25:02',33825),(1501,816,3,10.99,'2018-04-18 15:25:02',33814),(1502,817,2,10.99,'2017-12-25 15:25:02',32809),(1504,819,4,10.99,'2018-04-03 15:25:02',33789),(1510,825,1,1.79,'2016-01-13 15:25:02',33419),(1511,826,2,300.00,'2015-10-15 15:25:02',33822),(1513,828,4,14.99,'2018-08-28 15:25:02',32940),(1514,829,3,11.99,'2018-01-10 15:25:02',32919),(1516,831,4,10.99,'2017-01-05 15:25:02',33809),(1517,832,4,10.99,'2017-10-19 15:25:02',32939),(1520,835,1,54.99,'2017-01-27 15:25:02',33839),(1522,837,3,44.99,'2016-01-20 15:25:02',33735),(1523,838,1,49.99,'2017-03-26 15:25:02',33808),(1525,840,3,1.79,'2018-10-11 15:25:02',32938),(1528,843,3,11.99,'2019-03-17 15:25:02',33060),(1531,846,3,49.99,'2016-09-15 15:25:02',33084),(1532,847,1,0.00,'2015-03-15 15:25:02',33872),(1535,850,3,12.99,'2016-02-19 15:25:02',32939),(1537,852,2,12.99,'2016-08-01 15:25:02',32809),(1538,853,3,54.99,'2018-10-09 15:25:02',32792),(1541,856,1,450.00,'2015-10-07 15:25:02',33813),(1543,858,1,13.99,'2016-01-16 15:25:02',33400),(1544,859,3,14.99,'2018-04-23 15:25:02',33770),(1546,861,3,14.99,'2017-08-20 15:25:02',33862),(1549,864,2,44.99,'2016-02-02 15:25:02',33749),(1550,865,3,44.99,'2018-10-24 15:25:02',33838),(1552,867,4,59.99,'2018-06-18 15:25:02',33799),(1553,868,2,44.99,'2019-01-02 15:25:02',33875),(1555,870,4,1.79,'2016-06-28 15:25:02',33063),(1556,871,2,1.79,'2017-12-30 15:25:02',33779),(1558,873,2,14.99,'2015-04-10 15:25:02',33420),(1564,879,3,11.99,'2016-02-07 15:25:02',33779),(1565,880,2,54.99,'2015-07-17 15:25:02',33847),(1567,882,3,44.99,'2017-11-18 15:25:02',32809),(1570,885,2,59.99,'2018-04-26 15:25:02',33420),(1571,886,1,149.99,'2015-04-07 15:25:02',33432),(1649,1,2,1400.00,'2018-05-18 15:25:03',32927),(1654,17,3,300.00,'2017-01-11 15:25:03',32937),(1655,19,3,600.00,'2018-05-10 15:25:03',33776),(1660,34,3,11.99,'2016-08-09 15:25:03',33820),(1663,41,4,13.99,'2016-08-19 15:25:03',33865),(1667,53,3,11.99,'2019-01-31 15:25:03',32798),(1669,59,1,11.99,'2015-09-02 15:25:03',33877),(1670,61,1,14.99,'2015-03-08 15:25:03',33404),(1675,71,4,10.99,'2016-12-27 15:25:03',33828),(1676,73,2,12.99,'2018-02-17 15:25:03',33740),(1678,76,3,10.99,'2018-01-06 15:25:03',33086),(1682,86,3,12.99,'2015-05-27 15:25:03',33301),(1684,92,3,11.99,'2015-09-26 15:25:03',33061),(1685,94,2,11.99,'2015-11-28 15:25:03',32944),(1688,103,2,12.99,'2016-01-01 15:25:03',33782),(1691,109,2,14.99,'2018-01-18 15:25:03',33761),(1693,116,2,10.99,'2018-02-24 15:25:03',33860),(1697,127,1,13.99,'2017-11-10 15:25:03',33438),(1699,131,2,13.99,'2016-05-22 15:25:03',33409),(1700,134,3,13.99,'2018-11-09 15:25:03',33844),(1702,137,4,10.99,'2018-09-21 15:25:03',33428),(1706,148,2,12.99,'2017-05-21 15:25:03',33879),(1709,152,2,13.99,'2016-01-25 15:25:03',33059),(1711,158,4,11.99,'2018-10-10 15:25:03',33784),(1712,163,3,14.99,'2015-07-24 15:25:03',33078),(1714,166,2,12.99,'2015-09-25 15:25:03',33768),(1717,173,2,13.99,'2015-10-16 15:25:03',33086),(1718,178,3,14.99,'2017-05-13 15:25:03',33784),(1720,181,4,13.99,'2015-08-17 15:25:03',33075),(1721,184,4,11.99,'2016-02-05 15:25:03',33880),(1723,191,3,10.99,'2016-04-29 15:25:03',33779),(1724,193,1,14.99,'2015-04-07 15:25:03',33841),(1726,197,3,13.99,'2017-11-03 15:25:03',33874),(1730,211,3,14.99,'2015-12-08 15:25:03',33845),(1732,214,2,14.99,'2015-06-07 15:25:03',33793),(1733,218,4,59.99,'2018-05-21 15:25:03',33304),(1735,226,4,49.99,'2017-03-24 15:25:03',33783),(1739,233,1,59.99,'2015-04-03 15:25:03',33295),(1741,239,1,59.99,'2016-04-19 15:25:03',33750),(1744,248,1,59.99,'2018-06-09 15:25:03',33778),(1745,251,3,54.99,'2017-09-27 15:25:03',33756),(1747,256,3,44.99,'2018-09-28 15:25:03',33402),(1748,257,2,59.99,'2016-06-11 15:25:03',33788),(1751,268,4,54.99,'2018-07-31 15:25:03',33843),(1753,271,2,54.99,'2019-03-17 15:25:03',33090),(1754,272,3,44.99,'2015-06-16 15:25:03',33868),(1756,277,2,44.99,'2016-03-25 15:25:03',33085),(1759,283,3,49.99,'2017-02-08 15:25:03',33838),(1762,292,2,44.99,'2018-12-13 15:25:03',33734),(1763,293,4,44.99,'2016-10-09 15:25:03',33071),(1765,298,2,44.99,'2018-07-03 15:25:03',33079),(1766,302,2,59.99,'2017-03-27 15:25:03',32797),(1769,311,2,49.99,'2017-06-26 15:25:03',32802),(1772,316,3,54.99,'2017-10-14 15:25:03',33874),(1774,323,4,54.99,'2017-03-07 15:25:03',33798),(1775,326,3,59.99,'2015-08-25 15:25:03',33868),(1777,331,2,44.99,'2015-02-20 15:25:03',32922),(1780,337,4,49.99,'2018-06-18 15:25:03',33866),(1783,347,1,54.99,'2018-07-10 15:25:03',33816),(1784,349,3,49.99,'2018-01-24 15:25:03',33782),(1786,356,1,59.99,'2016-11-11 15:25:03',32804),(1787,358,3,54.99,'2017-11-18 15:25:03',33748),(1789,361,3,59.99,'2018-04-20 15:25:03',32793),(1790,362,1,54.99,'2016-02-12 15:25:03',33782),(1795,379,1,49.99,'2018-08-17 15:25:03',33088),(1796,382,3,44.99,'2019-01-04 15:25:03',33396),(1798,386,1,49.99,'2015-06-25 15:25:03',33438),(1801,391,1,44.99,'2017-05-21 15:25:03',33445),(1802,394,3,49.99,'2015-12-10 15:25:03',33423),(1805,401,2,69.99,'2015-12-16 15:25:03',33072),(1808,412,2,1.79,'2015-08-30 15:25:03',33410),(1810,421,2,1.79,'2016-05-11 15:25:03',33428),(1811,422,4,1.79,'2016-03-13 15:25:03',33867),(1814,431,2,1.79,'2017-03-15 15:25:03',33831),(1816,436,4,1000.00,'2017-01-16 15:25:03',33432),(1817,437,3,600.00,'2018-05-26 15:25:03',32791),(1819,440,1,14.99,'2017-07-19 15:25:03',33421),(1823,446,3,10.99,'2016-02-15 15:25:03',33406),(1825,451,1,10.99,'2018-06-28 15:25:03',33081),(1828,457,4,11.99,'2015-06-13 15:25:03',32943),(1829,458,4,12.99,'2016-05-21 15:25:03',33086),(1831,461,4,44.99,'2017-09-16 15:25:03',32795),(1832,463,4,59.99,'2018-06-19 15:25:03',33740),(1835,467,3,59.99,'2018-12-11 15:25:03',33417),(1838,473,3,44.99,'2019-03-08 15:25:03',33746),(1840,478,4,44.99,'2019-03-27 15:25:03',33820),(1843,482,3,1.79,'2015-03-05 15:25:03',32921),(1844,499,2,400.00,'2019-03-22 15:25:03',33841),(1849,506,3,12.99,'2015-11-20 15:25:03',33827),(1852,512,1,12.99,'2016-03-03 15:25:03',33090),(1853,514,2,12.99,'2017-06-22 15:25:03',33416),(1856,520,3,11.99,'2016-12-24 15:25:03',33842),(1858,523,2,10.99,'2017-08-19 15:25:03',32805),(1861,527,4,44.99,'2017-05-30 15:25:03',33766),(1864,533,3,54.99,'2017-10-22 15:25:03',33777),(1865,535,2,49.99,'2018-03-03 15:25:03',33089),(1867,538,2,54.99,'2015-04-06 15:25:03',33294),(1868,541,1,59.99,'2018-09-06 15:25:03',33836),(1871,545,2,44.99,'2016-06-10 15:25:03',33424),(1873,548,3,54.99,'2015-05-07 15:25:03',33868),(1874,550,1,1.79,'2016-10-20 15:25:03',33766),(1877,562,3,550.00,'2018-07-10 15:25:03',33415),(1879,565,3,12.99,'2015-11-17 15:25:03',33441),(1880,566,1,12.99,'2015-05-23 15:25:03',33088),(1882,569,3,12.99,'2016-04-22 15:25:03',33080),(1886,577,3,44.99,'2019-02-10 15:25:03',33427),(1888,580,1,59.99,'2016-10-06 15:25:03',33402),(1889,583,3,49.99,'2017-11-15 15:25:03',33429),(1891,586,1,1.79,'2015-05-18 15:25:03',33409),(1894,596,3,11.99,'2017-11-17 15:25:03',33851),(1895,598,1,11.99,'2016-12-04 15:25:03',33415),(1900,607,2,44.99,'2015-06-04 15:25:03',33075),(1901,608,2,54.99,'2016-08-05 15:25:03',33847),(1906,617,3,44.99,'2018-03-04 15:25:03',32810),(1907,619,4,1.79,'2018-12-09 15:25:03',33777),(1909,626,4,500.00,'2018-08-29 15:25:03',33855),(1912,631,3,11.99,'2019-01-12 15:25:03',33412),(1913,632,2,14.99,'2016-01-30 15:25:03',33840),(1915,635,3,11.99,'2015-03-15 15:25:03',33741),(1916,638,4,10.99,'2018-01-23 15:25:03',32936),(1919,643,2,14.99,'2018-02-26 15:25:03',33431),(1921,647,3,10.99,'2017-02-15 15:25:03',33076),(1922,649,3,10.99,'2018-11-20 15:25:03',33875),(1927,656,2,44.99,'2016-05-07 15:25:03',33779),(1928,659,2,59.99,'2017-02-25 15:25:03',33739),(1930,662,4,54.99,'2017-12-12 15:25:03',33059),(1931,664,1,44.99,'2018-07-12 15:25:03',33740),(1933,668,4,54.99,'2018-11-03 15:25:03',32930),(1934,670,3,44.99,'2016-03-29 15:25:03',33070),(1940,688,4,400.00,'2018-03-31 15:25:03',33088),(1942,691,3,14.99,'2018-04-19 15:25:03',33443),(1943,692,3,14.99,'2018-06-02 15:25:03',33851),(1945,695,4,10.99,'2018-10-20 15:25:03',33801),(1948,701,2,12.99,'2015-11-07 15:25:03',33087),(1949,703,4,12.99,'2017-09-18 15:25:03',33816),(1951,706,2,11.99,'2017-01-05 15:25:03',33407),(1952,709,4,11.99,'2016-07-13 15:25:03',33858),(1954,712,1,11.99,'2018-01-19 15:25:03',33434),(1955,713,2,14.99,'2016-05-28 15:25:03',33087),(1957,716,4,49.99,'2018-01-29 15:25:03',32802),(1961,724,2,44.99,'2017-11-08 15:25:03',33083),(1964,730,3,59.99,'2018-07-30 15:25:03',33782),(1966,733,3,44.99,'2017-08-07 15:25:03',33875),(1970,739,1,1.79,'2015-05-10 15:25:03',33795),(1972,750,1,12.99,'2018-09-18 15:25:03',33813),(1973,751,2,10.99,'2015-10-05 15:25:03',33747),(1975,753,2,49.99,'2018-06-05 15:25:03',33090),(1978,756,4,1.79,'2016-04-11 15:25:03',33452),(1979,757,3,12.99,'2017-05-05 15:25:03',33076),(1982,760,4,10.99,'2018-11-26 15:25:03',33822),(1984,762,2,44.99,'2015-06-12 15:25:03',33866),(1985,763,3,49.99,'2018-09-21 15:25:03',33800),(1987,765,2,11.99,'2018-03-12 15:25:03',33400),(1990,768,3,10.99,'2018-05-26 15:25:03',33785),(1993,771,3,59.99,'2015-10-16 15:25:03',32799),(1994,772,2,13.99,'2016-03-12 15:25:03',33744),(1996,774,3,13.99,'2018-04-01 15:25:03',33797),(1997,775,4,59.99,'2015-08-25 15:25:03',33734),(1999,777,2,44.99,'2017-03-16 15:25:03',33440),(2000,778,2,79.99,'2017-06-17 15:25:03',32808),(2003,781,4,10.99,'2018-01-20 15:25:03',33857),(2005,783,3,59.99,'2016-08-25 15:25:03',33064),(2006,784,4,49.99,'2016-05-05 15:25:03',33766),(2008,786,2,1.79,'2018-04-15 15:25:03',33414),(2011,815,4,10.99,'2016-03-31 15:25:03',33792),(2012,816,4,10.99,'2018-03-10 15:25:03',32942),(2014,818,3,11.99,'2018-04-20 15:25:03',33399),(2017,821,4,49.99,'2018-04-11 15:25:03',32941),(2018,822,3,59.99,'2015-10-22 15:25:03',33435),(2020,824,4,44.99,'2015-05-17 15:25:03',33782),(2021,825,2,1.79,'2019-02-26 15:25:03',33065),(2026,830,3,12.99,'2018-12-19 15:25:03',32933),(2027,831,4,10.99,'2016-04-24 15:25:03',33867),(2029,833,3,44.99,'2017-11-29 15:25:03',33064),(2032,836,3,49.99,'2018-09-05 15:25:03',33078),(2033,837,1,44.99,'2018-07-12 15:25:03',33878),(2036,840,3,1.79,'2015-03-26 15:25:03',33086),(2038,842,4,10.99,'2016-10-05 15:25:03',32921),(2039,843,2,11.99,'2017-01-16 15:25:03',33303),(2042,846,2,49.99,'2015-09-17 15:25:03',33845),(2045,849,3,10.99,'2015-03-21 15:25:03',33751),(2047,851,4,10.99,'2015-05-15 15:25:03',32798),(2048,852,3,12.99,'2019-03-03 15:25:03',32925),(2050,854,4,49.99,'2016-03-08 15:25:03',33757),(2053,857,3,500.00,'2015-02-25 15:25:03',33078),(2056,860,3,13.99,'2018-11-30 15:25:03',33421),(2059,863,2,11.99,'2018-02-14 15:25:03',33798),(2060,864,2,44.99,'2016-09-15 15:25:03',33452),(2062,866,3,54.99,'2017-07-29 15:25:03',33438),(2063,867,1,59.99,'2017-11-03 15:25:03',32937),(2066,870,2,1.79,'2019-03-26 15:25:03',33766),(2069,873,2,14.99,'2016-05-21 15:25:03',33081),(2071,875,2,14.99,'2016-08-18 15:25:03',33408),(2074,878,2,13.99,'2015-04-21 15:25:03',33443),(2075,879,2,11.99,'2018-12-26 15:25:03',33405),(2077,881,2,49.99,'2016-07-27 15:25:03',33436),(2078,882,4,44.99,'2017-03-02 15:25:03',33771),(2081,885,3,59.99,'2015-06-13 15:25:03',32799),(2083,887,3,1.79,'2015-06-18 15:25:03',33794),(2161,2,2,1600.00,'2017-03-06 15:25:03',32922),(2162,4,2,2200.00,'2019-01-14 15:25:03',33799),(2164,16,1,450.00,'2018-02-15 15:25:03',33867),(2165,17,1,300.00,'2017-03-23 15:25:03',32801),(2173,38,2,11.99,'2015-03-31 15:25:03',33762),(2174,41,3,13.99,'2018-06-03 15:25:03',33441),(2176,46,3,10.99,'2016-12-09 15:25:03',33871),(2179,58,3,14.99,'2017-12-19 15:25:03',33426),(2180,59,1,11.99,'2017-04-10 15:25:03',33422),(2182,62,1,14.99,'2018-02-14 15:25:03',33874),(2183,64,2,13.99,'2017-02-26 15:25:03',33871),(2185,68,3,13.99,'2015-05-14 15:25:03',33453),(2186,71,3,10.99,'2018-03-14 15:25:03',33403),(2188,74,2,10.99,'2016-06-19 15:25:03',32798),(2194,89,2,12.99,'2015-03-02 15:25:03',33881),(2195,92,3,11.99,'2018-11-14 15:25:03',33427),(2201,107,1,13.99,'2019-03-03 15:25:03',33736),(2203,113,3,12.99,'2016-02-29 15:25:03',33744),(2204,116,4,10.99,'2018-07-25 15:25:03',33062),(2209,128,2,14.99,'2017-08-09 15:25:03',33302),(2213,137,4,10.99,'2017-01-21 15:25:03',32923),(2216,146,2,11.99,'2015-03-08 15:25:03',33092),(2218,149,2,13.99,'2015-08-19 15:25:03',32930),(2221,157,1,11.99,'2018-02-16 15:25:03',33804),(2224,164,3,14.99,'2015-12-31 15:25:03',33069),(2225,166,3,12.99,'2018-03-03 15:25:03',33855),(2227,172,3,12.99,'2016-08-08 15:25:03',33433),(2228,173,3,13.99,'2016-09-17 15:25:03',33758),(2230,179,3,14.99,'2016-08-26 15:25:03',33446),(2231,181,1,13.99,'2015-11-07 15:25:03',33420),(2234,191,4,10.99,'2016-05-06 15:25:03',33078),(2237,197,2,13.99,'2017-05-07 15:25:03',33866),(2242,212,2,12.99,'2016-08-01 15:25:03',33743),(2243,214,3,14.99,'2016-06-17 15:25:03',33863),(2245,223,3,59.99,'2017-09-20 15:25:03',33443),(2246,226,3,49.99,'2015-12-12 15:25:03',33419),(2248,229,2,44.99,'2015-12-29 15:25:03',33857),(2251,236,2,59.99,'2016-06-18 15:25:03',32942),(2252,239,4,59.99,'2018-05-11 15:25:03',33441),(2257,254,2,44.99,'2015-12-14 15:25:03',33062),(2258,256,2,44.99,'2016-09-18 15:25:03',33776),(2260,262,3,59.99,'2018-06-24 15:25:03',33294),(2263,269,2,44.99,'2017-01-31 15:25:03',33449),(2264,271,2,54.99,'2018-02-08 15:25:03',33807),(2267,277,3,44.99,'2015-11-20 15:25:03',33076),(2269,281,4,44.99,'2015-05-14 15:25:03',33073),(2270,283,1,49.99,'2015-03-18 15:25:03',33816),(2272,289,2,54.99,'2019-02-09 15:25:03',32926),(2273,292,3,44.99,'2018-04-12 15:25:03',32940),(2276,298,3,44.99,'2017-08-08 15:25:03',32942),(2278,304,3,54.99,'2017-01-17 15:25:03',33441),(2279,307,2,49.99,'2017-11-04 15:25:03',32928),(2281,313,3,49.99,'2018-05-22 15:25:03',32791),(2284,317,1,54.99,'2018-03-18 15:25:03',33878),(2285,323,1,54.99,'2018-01-24 15:25:03',33774),(2287,328,3,54.99,'2016-06-10 15:25:03',33072),(2290,334,2,59.99,'2018-04-07 15:25:03',33452),(2291,337,2,49.99,'2018-01-26 15:25:03',33421),(2293,346,3,44.99,'2017-10-01 15:25:03',33768),(2294,347,4,54.99,'2016-12-25 15:25:03',33789),(2297,356,2,59.99,'2018-09-22 15:25:03',33801),(2300,361,2,59.99,'2019-02-10 15:25:03',33413),(2302,367,3,44.99,'2015-03-01 15:25:03',33870),(2305,376,2,54.99,'2016-11-30 15:25:03',33845),(2306,379,3,49.99,'2019-02-13 15:25:03',32933),(2308,383,3,44.99,'2017-09-09 15:25:03',33089),(2309,386,2,49.99,'2018-12-31 15:25:03',33059),(2311,389,4,49.99,'2019-02-04 15:25:03',33810),(2312,391,3,44.99,'2018-04-09 15:25:03',33436),(2315,398,1,29.99,'2018-08-05 15:25:03',33778),(2318,409,3,1.79,'2016-06-04 15:25:03',32796),(2320,419,1,1.79,'2017-05-21 15:25:03',33062),(2323,424,2,1.79,'2015-12-05 15:25:03',33790),(2326,433,1,1.79,'2018-04-18 15:25:03',33438),(2329,439,3,14.99,'2016-03-03 15:25:03',33429),(2330,440,1,14.99,'2016-01-28 15:25:03',33411),(2335,449,1,13.99,'2015-06-27 15:25:03',33871),(2336,451,1,10.99,'2015-04-12 15:25:03',33293),(2339,457,3,11.99,'2017-06-12 15:25:03',33875),(2341,460,2,54.99,'2015-12-29 15:25:03',33845),(2342,461,1,44.99,'2018-04-02 15:25:03',33786),(2344,464,3,59.99,'2017-06-13 15:25:03',33425),(2347,470,2,59.99,'2016-09-11 15:25:03',33408),(2348,472,2,49.99,'2017-04-28 15:25:03',33871),(2350,475,3,49.99,'2018-07-09 15:25:03',33843),(2351,478,1,44.99,'2016-02-02 15:25:03',33736),(2356,500,2,400.00,'2018-04-17 15:25:03',32930),(2357,502,3,14.99,'2018-06-15 15:25:03',33878),(2360,506,2,12.99,'2018-03-01 15:25:03',33431),(2363,512,2,12.99,'2019-03-12 15:25:03',33295),(2368,521,1,11.99,'2015-10-03 15:25:03',33084),(2369,523,2,10.99,'2017-04-25 15:25:03',32799),(2371,526,1,59.99,'2016-10-22 15:25:03',32927),(2372,527,3,44.99,'2015-04-21 15:25:03',33748),(2374,530,3,54.99,'2018-09-10 15:25:03',33802),(2375,533,2,54.99,'2016-11-19 15:25:03',32796),(2377,536,2,44.99,'2015-05-02 15:25:03',33757),(2378,538,3,54.99,'2015-09-21 15:25:03',33767),(2381,544,1,44.99,'2015-07-22 15:25:03',33401),(2383,547,3,44.99,'2019-01-08 15:25:03',33747),(2384,548,3,54.99,'2019-01-26 15:25:03',33872),(2386,551,3,1.79,'2017-09-07 15:25:03',33301),(2390,565,2,12.99,'2016-12-14 15:25:03',33452),(2393,569,3,12.99,'2017-06-17 15:25:03',33762),(2395,572,3,13.99,'2017-06-02 15:25:03',33829),(2396,575,2,44.99,'2016-06-23 15:25:03',33776),(2399,580,4,59.99,'2018-11-07 15:25:03',33803),(2402,586,2,1.79,'2019-02-20 15:25:03',32802),(2404,593,3,600.00,'2015-09-10 15:25:03',33741),(2407,599,2,14.99,'2015-11-23 15:25:03',33780),(2410,605,3,10.99,'2016-11-14 15:25:03',33432),(2411,607,1,44.99,'2017-01-12 15:25:03',33871),(2413,610,2,49.99,'2018-04-07 15:25:03',33812),(2414,611,4,44.99,'2017-05-03 15:25:03',33061),(2416,614,4,49.99,'2017-08-08 15:25:03',33771),(2417,617,2,44.99,'2016-10-05 15:25:03',33411),(2419,625,3,700.00,'2015-04-15 15:25:03',33877),(2423,631,2,11.99,'2016-03-09 15:25:03',33851),(2426,635,2,11.99,'2018-03-04 15:25:03',33417),(2428,640,2,14.99,'2016-02-11 15:25:03',33873),(2432,647,3,10.99,'2018-05-26 15:25:03',32928),(2434,650,3,10.99,'2016-04-19 15:25:03',32812),(2435,652,1,44.99,'2017-01-16 15:25:03',33869),(2437,655,3,49.99,'2016-12-30 15:25:03',33862),(2438,656,3,44.99,'2019-02-07 15:25:03',33416),(2440,661,4,44.99,'2018-06-09 15:25:03',32932),(2441,662,2,54.99,'2018-01-03 15:25:03',33867),(2446,671,2,59.99,'2015-02-20 15:25:03',33838),(2447,673,2,89.99,'2017-03-18 15:25:03',33764),(2449,676,4,1.79,'2015-11-02 15:25:03',33820),(2452,689,2,600.00,'2015-04-29 15:25:03',32794),(2455,694,2,13.99,'2016-06-29 15:25:03',33430),(2456,695,2,10.99,'2016-03-03 15:25:03',33432),(2458,698,3,12.99,'2017-01-13 15:25:03',33767),(2459,701,2,12.99,'2016-08-13 15:25:03',33298),(2461,704,1,12.99,'2016-02-08 15:25:03',33822),(2462,706,2,11.99,'2015-08-14 15:25:03',33293),(2465,712,4,11.99,'2018-10-28 15:25:03',33810),(2467,715,2,54.99,'2015-11-14 15:25:03',33782),(2468,716,1,49.99,'2015-09-06 15:25:03',33797),(2473,725,2,49.99,'2016-01-28 15:25:03',33781),(2474,727,2,49.99,'2018-11-02 15:25:03',33064),(2476,731,2,54.99,'2017-05-03 15:25:03',33840),(2477,733,4,44.99,'2016-11-12 15:25:03',33297),(2479,736,2,49.99,'2018-09-20 15:25:03',32944),(2480,737,3,29.99,'2018-09-12 15:25:03',33735),(2482,740,1,1.79,'2017-02-18 15:25:03',33854),(2488,755,3,54.99,'2016-10-22 15:25:03',33406),(2489,756,1,1.79,'2016-07-20 15:25:03',32931),(2491,758,2,10.99,'2019-02-23 15:25:03',33768),(2494,761,3,59.99,'2018-07-20 15:25:03',33740),(2495,762,1,44.99,'2018-12-20 15:25:03',33814),(2498,765,4,11.99,'2015-07-03 15:25:03',33301),(2500,767,3,59.99,'2019-01-20 15:25:03',33796),(2501,768,2,10.99,'2019-01-02 15:25:03',32939),(2503,770,2,59.99,'2017-12-26 15:25:03',33842),(2504,771,1,59.99,'2016-04-28 15:25:03',33090),(2507,774,2,13.99,'2015-05-02 15:25:03',33800),(2510,777,3,44.99,'2018-08-19 15:25:03',33066),(2512,779,2,12.99,'2015-12-12 15:25:03',33814),(2515,782,3,49.99,'2016-12-28 15:25:03',33397),(2516,783,2,59.99,'2017-12-12 15:25:03',32931),(2518,785,1,49.99,'2015-06-12 15:25:03',33415),(2524,817,1,10.99,'2017-03-11 15:25:03',33432),(2525,818,2,11.99,'2016-04-09 15:25:03',33059),(2528,821,2,49.99,'2017-06-25 15:25:03',33847),(2531,824,2,44.99,'2017-09-22 15:25:03',33799),(2533,826,3,300.00,'2017-05-13 15:25:03',33404),(2536,829,2,11.99,'2018-08-14 15:25:03',33449),(2537,830,2,12.99,'2016-08-05 15:25:03',32804),(2539,832,3,10.99,'2016-09-29 15:25:03',33410),(2540,833,1,44.99,'2016-02-24 15:25:03',32794),(2542,835,4,54.99,'2015-03-18 15:25:03',33768),(2543,836,2,49.99,'2018-07-25 15:25:03',33761),(2545,838,4,49.99,'2019-03-21 15:25:03',33867),(2546,839,1,34.99,'2017-03-21 15:25:03',32805),(2549,842,1,10.99,'2018-02-01 15:25:03',33868),(2551,844,2,59.99,'2015-10-17 15:25:03',32813),(2554,847,3,0.00,'2017-09-03 15:25:03',32933),(2557,850,1,12.99,'2017-10-14 15:25:03',33295),(2558,851,2,10.99,'2016-09-21 15:25:03',33858),(2560,853,1,54.99,'2015-07-10 15:25:03',33437),(2564,857,3,500.00,'2017-12-19 15:25:03',33808),(2566,859,3,14.99,'2018-05-09 15:25:03',33779),(2567,860,2,13.99,'2015-08-28 15:25:03',32930),(2570,863,1,11.99,'2015-11-19 15:25:03',33432),(2572,865,4,44.99,'2018-10-27 15:25:03',33849),(2573,866,3,54.99,'2016-10-11 15:25:03',33414),(2575,868,2,44.99,'2017-04-29 15:25:03',33816),(2578,871,4,1.79,'2018-12-30 15:25:03',33418),(2579,872,2,1500.00,'2016-06-20 15:25:03',32927),(2582,875,1,14.99,'2016-02-08 15:25:03',33441),(2584,877,3,13.99,'2018-03-11 15:25:03',33057),(2588,881,3,49.99,'2018-03-05 15:25:03',33800),(2591,884,2,49.99,'2018-10-01 15:25:03',33777),(2593,886,4,149.99,'2016-05-21 15:25:03',32936),(2594,887,4,1.79,'2018-03-30 15:25:03',33444),(2671,1,3,1400.00,'2017-10-24 15:25:03',32934),(2672,2,4,1600.00,'2017-08-04 15:25:03',33843),(2675,16,2,450.00,'2015-10-10 15:25:03',33072),(2677,19,2,600.00,'2018-06-13 15:25:03',32799),(2683,37,2,13.99,'2017-03-22 15:25:03',33840),(2687,46,1,10.99,'2015-06-09 15:25:03',33840),(2689,53,3,11.99,'2018-04-17 15:25:03',33749),(2690,58,4,14.99,'2016-06-18 15:25:03',33799),(2692,61,3,14.99,'2017-09-08 15:25:03',33797),(2693,62,2,14.99,'2017-12-08 15:25:03',33427),(2696,68,3,13.99,'2015-10-11 15:25:03',33088),(2698,73,3,12.99,'2016-07-10 15:25:03',33426),(2699,74,3,10.99,'2015-12-04 15:25:03',33062),(2705,89,1,12.99,'2015-12-03 15:25:03',33436),(2707,94,3,11.99,'2015-05-18 15:25:03',32921),(2708,97,2,14.99,'2017-08-24 15:25:03',33078),(2710,103,3,12.99,'2016-06-20 15:25:03',33779),(2711,106,2,14.99,'2016-06-21 15:25:03',33873),(2713,109,3,14.99,'2016-06-11 15:25:03',32791),(2714,113,3,12.99,'2017-07-18 15:25:03',33438),(2719,127,3,13.99,'2015-05-18 15:25:03',33868),(2720,128,2,14.99,'2015-10-07 15:25:03',32797),(2722,134,2,13.99,'2016-07-29 15:25:03',33092),(2725,139,2,10.99,'2017-06-02 15:25:03',33788),(2729,149,3,13.99,'2015-04-29 15:25:03',33861),(2731,152,2,13.99,'2017-04-19 15:25:03',33433),(2732,157,3,11.99,'2017-07-05 15:25:03',32920),(2734,163,3,14.99,'2018-01-04 15:25:03',33424),(2735,164,4,14.99,'2015-02-19 15:25:03',33875),(2738,172,3,12.99,'2017-08-10 15:25:03',33401),(2740,178,2,14.99,'2016-10-13 15:25:03',33778),(2741,179,3,14.99,'2015-07-20 15:25:03',33423),(2746,193,1,14.99,'2015-03-16 15:25:03',33063),(2747,194,3,14.99,'2016-06-11 15:25:03',33087),(2749,199,3,14.99,'2017-12-23 15:25:03',33439),(2752,211,4,14.99,'2018-12-04 15:25:03',33845),(2753,212,3,12.99,'2016-01-24 15:25:03',33398),(2755,218,3,59.99,'2016-02-13 15:25:03',33863),(2759,229,2,44.99,'2016-02-15 15:25:03',33798),(2762,236,4,59.99,'2015-06-09 15:25:03',33823),(2764,241,3,59.99,'2015-11-09 15:25:03',33426),(2767,251,2,54.99,'2018-06-27 15:25:03',33434),(2768,254,2,44.99,'2015-04-19 15:25:03',33080),(2770,257,2,59.99,'2017-08-14 15:25:03',33864),(2771,262,2,59.99,'2018-03-16 15:25:03',33790),(2773,268,4,54.99,'2019-01-20 15:25:03',33836),(2774,269,2,44.99,'2015-12-06 15:25:03',33423),(2776,272,4,44.99,'2016-06-30 15:25:03',33769),(2777,274,3,59.99,'2016-06-27 15:25:03',33800),(2780,281,3,44.99,'2017-11-13 15:25:03',33825),(2785,293,4,44.99,'2018-06-05 15:25:03',33402),(2788,302,3,59.99,'2015-08-19 15:25:03',33803),(2789,304,2,54.99,'2018-03-31 15:25:03',32925),(2791,311,2,49.99,'2015-11-03 15:25:03',33817),(2792,313,1,49.99,'2016-12-16 15:25:03',33827),(2797,326,2,59.99,'2016-06-18 15:25:03',33069),(2798,328,3,54.99,'2016-08-08 15:25:03',33783),(2801,334,3,59.99,'2017-07-29 15:25:03',33435),(2803,344,3,59.99,'2017-12-14 15:25:03',33453),(2804,346,4,44.99,'2019-03-03 15:25:03',32797),(2806,349,1,49.99,'2017-11-11 15:25:03',33398),(2809,358,4,54.99,'2015-03-22 15:25:03',33072),(2810,359,1,59.99,'2017-10-05 15:25:03',33813),(2812,362,2,54.99,'2018-03-17 15:25:03',33772),(2813,367,2,44.99,'2017-01-27 15:25:03',33767),(2815,373,4,54.99,'2017-10-01 15:25:03',33774),(2818,382,2,44.99,'2018-06-11 15:25:03',32929),(2819,383,3,44.99,'2017-08-04 15:25:03',32795),(2822,389,1,49.99,'2018-07-15 15:25:03',33817),(2824,394,1,49.99,'2017-12-29 15:25:03',33424),(2825,397,2,39.99,'2016-07-09 15:25:03',33752),(2830,412,2,1.79,'2017-10-22 15:25:03',32790),(2831,419,1,1.79,'2016-02-25 15:25:03',33817),(2833,422,4,1.79,'2019-01-19 15:25:03',33848),(2836,431,2,1.79,'2017-02-12 15:25:03',33784),(2837,433,2,1.79,'2017-05-28 15:25:03',32797),(2839,437,1,600.00,'2016-10-07 15:25:03',33845),(2840,439,4,14.99,'2019-02-25 15:25:03',33426),(2843,443,3,13.99,'2017-01-27 15:25:03',33080),(2845,446,2,10.99,'2015-12-08 15:25:03',33832),(2846,449,1,13.99,'2018-02-03 15:25:03',32923),(2848,452,2,11.99,'2016-11-23 15:25:03',33815),(2851,458,4,12.99,'2016-06-18 15:25:03',32806),(2852,460,3,54.99,'2019-03-16 15:25:03',33758),(2854,463,3,59.99,'2017-12-16 15:25:03',32804),(2855,464,1,59.99,'2018-03-02 15:25:03',32940),(2857,467,1,59.99,'2018-01-02 15:25:03',33861),(2858,470,1,59.99,'2017-06-04 15:25:03',33768),(2861,475,2,49.99,'2015-03-13 15:25:03',32923),(2864,481,3,1.79,'2017-07-15 15:25:03',32806),(2866,499,2,400.00,'2016-03-27 15:25:03',32931),(2867,500,3,400.00,'2017-03-01 15:25:03',33445),(2875,514,4,12.99,'2018-08-16 15:25:03',33806),(2876,515,2,13.99,'2016-06-19 15:25:03',33840),(2878,520,2,11.99,'2015-03-29 15:25:03',33835),(2879,521,1,11.99,'2018-05-25 15:25:03',33441),(2881,524,3,13.99,'2016-11-23 15:25:03',33792),(2885,530,3,54.99,'2019-02-28 15:25:03',33062),(2887,535,3,49.99,'2015-04-19 15:25:03',33405),(2888,536,3,44.99,'2015-04-26 15:25:03',33812),(2890,541,2,59.99,'2019-03-19 15:25:03',32794),(2894,547,4,44.99,'2018-08-05 15:25:03',33742),(2896,550,2,1.79,'2015-06-07 15:25:03',33855),(2897,551,4,1.79,'2015-11-23 15:25:03',33867),(2902,566,4,12.99,'2015-05-17 15:25:03',33836),(2903,568,4,14.99,'2016-06-20 15:25:03',33760),(2906,572,3,13.99,'2015-06-23 15:25:03',33086),(2908,577,4,44.99,'2016-05-29 15:25:03',33450),(2909,578,2,54.99,'2018-07-21 15:25:03',33860),(2911,583,2,49.99,'2015-12-17 15:25:03',33425),(2914,587,3,1.79,'2016-09-14 15:25:03',32943),(2917,598,3,11.99,'2018-11-01 15:25:03',32927),(2918,599,1,14.99,'2016-03-29 15:25:03',33431),(2920,604,4,10.99,'2015-06-27 15:25:03',33754),(2921,605,3,10.99,'2016-10-21 15:25:03',33874),(2923,608,2,54.99,'2018-11-29 15:25:03',33298),(2924,610,3,49.99,'2017-12-09 15:25:03',33087),(2927,614,4,49.99,'2015-08-10 15:25:03',33743),(2929,619,4,1.79,'2016-04-16 15:25:03',32813),(2930,625,4,700.00,'2016-03-25 15:25:03',32790),(2935,632,3,14.99,'2015-10-04 15:25:03',33810),(2939,640,2,14.99,'2016-11-22 15:25:03',33807),(2941,643,3,14.99,'2015-09-04 15:25:03',33827),(2942,646,1,14.99,'2017-04-24 15:25:03',33294),(2944,649,3,10.99,'2016-12-06 15:25:03',33062),(2945,650,1,10.99,'2015-11-09 15:25:03',33876),(2950,659,2,59.99,'2015-08-14 15:25:03',33839),(2953,664,1,44.99,'2018-04-04 15:25:03',33806),(2956,670,2,44.99,'2017-04-14 15:25:03',33446),(2957,671,2,59.99,'2019-03-05 15:25:03',33849),(2960,676,4,1.79,'2015-02-27 15:25:03',33399),(2962,688,3,400.00,'2017-02-07 15:25:03',33881),(2963,689,3,600.00,'2017-01-16 15:25:03',33836),(2965,692,3,14.99,'2018-09-11 15:25:03',33859),(2966,694,3,13.99,'2018-02-18 15:25:03',33411),(2969,698,3,12.99,'2018-01-04 15:25:03',33766),(2971,703,4,12.99,'2017-07-04 15:25:03',32927),(2972,704,2,12.99,'2016-08-29 15:25:03',32943),(2974,709,3,11.99,'2015-10-25 15:25:03',33088),(2978,715,2,54.99,'2016-05-28 15:25:03',33057),(2980,718,1,59.99,'2016-03-31 15:25:03',33796),(2983,724,4,44.99,'2016-11-30 15:25:03',33848),(2984,725,4,49.99,'2016-07-09 15:25:03',33438),(2986,730,2,59.99,'2015-05-07 15:25:03',33410),(2987,731,4,54.99,'2016-01-14 15:25:03',33795),(2993,740,1,1.79,'2015-12-22 15:25:03',33852),(2995,751,1,10.99,'2017-04-14 15:25:03',33761),(2998,754,1,49.99,'2018-02-10 15:25:03',33855),(2999,755,2,54.99,'2017-11-22 15:25:03',33827),(3001,757,4,12.99,'2017-12-09 15:25:03',33298),(3002,758,4,10.99,'2018-04-03 15:25:03',33435),(3004,760,2,10.99,'2018-02-19 15:25:03',33847),(3005,761,4,59.99,'2016-04-01 15:25:03',33851),(3007,763,2,49.99,'2018-05-19 15:25:03',33747),(3008,764,2,1.79,'2018-01-26 15:25:03',33415),(3011,767,3,59.99,'2019-03-16 15:25:03',33090),(3013,769,2,13.99,'2016-05-28 15:25:03',33855),(3019,775,3,59.99,'2019-01-28 15:25:03',33844),(3020,776,2,49.99,'2018-07-09 15:25:03',33743),(3022,778,3,79.99,'2015-11-16 15:25:03',33841),(3023,779,2,12.99,'2015-10-24 15:25:03',32933),(3026,782,2,49.99,'2018-11-15 15:25:03',33065),(3028,784,4,49.99,'2017-12-21 15:25:03',33075),(3034,816,4,10.99,'2019-02-24 15:25:03',33750),(3035,817,2,10.99,'2015-11-02 15:25:03',33413),(3037,819,3,10.99,'2015-12-19 15:25:03',32931),(3040,822,3,59.99,'2018-04-14 15:25:03',33845),(3041,823,1,54.99,'2016-10-28 15:25:03',32924),(3043,825,1,1.79,'2015-07-07 15:25:03',33443),(3044,826,2,300.00,'2016-07-19 15:25:03',33834),(3046,828,3,14.99,'2017-11-22 15:25:03',33737),(3049,831,4,10.99,'2018-05-20 15:25:03',33748),(3050,832,2,10.99,'2016-11-14 15:25:03',33068),(3053,835,4,54.99,'2018-08-14 15:25:03',33403),(3056,838,2,49.99,'2016-03-18 15:25:03',33757),(3061,843,2,11.99,'2016-06-06 15:25:03',33082),(3062,844,2,59.99,'2015-07-15 15:25:03',33882),(3064,846,1,49.99,'2017-06-15 15:25:03',33821),(3065,847,4,0.00,'2017-05-13 15:25:03',33415),(3067,849,2,10.99,'2018-06-27 15:25:03',33063),(3070,852,3,12.99,'2018-08-22 15:25:03',33825),(3071,853,4,54.99,'2017-11-01 15:25:03',33796),(3074,856,3,450.00,'2018-03-07 15:25:03',32809),(3076,858,2,13.99,'2016-12-10 15:25:03',33881),(3077,859,4,14.99,'2015-03-09 15:25:03',33865),(3079,861,1,14.99,'2016-10-06 15:25:03',33853),(3082,864,3,44.99,'2015-06-29 15:25:03',33399),(3083,865,3,44.99,'2017-08-27 15:25:03',33416),(3085,867,2,59.99,'2016-08-27 15:25:03',33429),(3086,868,4,44.99,'2015-04-29 15:25:03',32809),(3088,870,3,1.79,'2016-03-16 15:25:03',33057),(3089,871,4,1.79,'2018-12-04 15:25:03',33768),(3095,877,3,13.99,'2019-01-17 15:25:03',33780),(3097,879,3,11.99,'2016-04-27 15:25:03',33396),(3098,880,1,54.99,'2017-11-28 15:25:03',33762),(3100,882,3,44.99,'2018-06-07 15:25:03',33842),(3103,885,3,59.99,'2017-07-18 15:25:03',33740),(3104,886,1,149.99,'2015-06-02 15:25:03',33788),(3182,1,2,1400.00,'2015-03-18 15:26:15',33063),(3184,4,3,2200.00,'2015-11-09 15:26:15',33745),(3187,17,1,300.00,'2018-06-13 15:26:15',33069),(3188,19,2,600.00,'2016-03-27 15:26:15',32808),(3193,34,3,11.99,'2015-03-16 15:26:15',33817),(3194,37,2,13.99,'2018-07-13 15:26:15',33859),(3196,41,3,13.99,'2016-10-06 15:26:15',33762),(3200,53,2,11.99,'2017-06-13 15:26:15',32944),(3202,59,2,11.99,'2018-12-06 15:26:15',33819),(3203,61,2,14.99,'2015-08-06 15:26:15',32806),(3205,64,3,13.99,'2018-04-29 15:26:15',33846),(3208,71,2,10.99,'2018-09-19 15:26:15',33771),(3209,73,2,12.99,'2017-10-27 15:26:15',33818),(3215,86,3,12.99,'2017-08-05 15:26:15',33426),(3217,92,3,11.99,'2018-04-10 15:26:15',32803),(3218,94,1,11.99,'2016-03-16 15:26:15',33070),(3221,103,4,12.99,'2018-12-12 15:26:15',33447),(3226,116,4,10.99,'2016-04-15 15:26:15',32806),(3230,127,3,13.99,'2016-08-23 15:26:15',32931),(3232,131,2,13.99,'2017-09-27 15:26:15',33826),(3233,134,2,13.99,'2016-02-29 15:26:15',33803),(3235,137,3,10.99,'2015-03-17 15:26:15',33780),(3236,139,3,10.99,'2018-03-16 15:26:15',33076),(3238,146,3,11.99,'2017-01-29 15:26:15',33439),(3239,148,3,12.99,'2016-12-22 15:26:15',33843),(3242,152,1,13.99,'2018-07-28 15:26:15',32802),(3244,158,3,11.99,'2016-03-14 15:26:15',33426),(3247,166,3,12.99,'2018-03-02 15:26:15',33430),(3251,178,2,14.99,'2019-03-15 15:26:15',32797),(3253,181,1,13.99,'2017-02-07 15:26:15',33084),(3254,184,1,11.99,'2018-10-24 15:26:15',33437),(3257,193,2,14.99,'2018-05-01 15:26:15',33451),(3259,197,3,13.99,'2018-01-24 15:26:15',33835),(3260,199,3,14.99,'2016-12-16 15:26:15',32922),(3265,214,3,14.99,'2018-09-25 15:26:15',32812),(3266,218,2,59.99,'2015-02-20 15:26:15',33300),(3268,226,3,49.99,'2018-09-11 15:26:15',33813),(3271,232,3,54.99,'2018-04-14 15:26:15',33403),(3272,233,3,59.99,'2019-02-16 15:26:15',32943),(3274,239,2,59.99,'2017-01-28 15:26:15',33440),(3275,241,3,59.99,'2017-12-21 15:26:15',33855),(3277,248,1,59.99,'2017-11-01 15:26:15',33784),(3280,256,2,44.99,'2018-02-07 15:26:15',33082),(3281,257,1,59.99,'2017-05-29 15:26:15',33762),(3284,268,3,54.99,'2017-12-28 15:26:15',33758),(3286,271,3,54.99,'2015-07-05 15:26:15',32939),(3287,272,3,44.99,'2017-07-05 15:26:15',33808),(3292,283,3,49.99,'2018-03-22 15:26:15',33742),(3293,284,3,54.99,'2018-05-30 15:26:15',33425),(3295,292,2,44.99,'2016-11-18 15:26:15',33791),(3296,293,1,44.99,'2017-03-23 15:26:15',33416),(3298,298,3,44.99,'2017-06-18 15:26:15',33083),(3299,302,3,59.99,'2015-09-21 15:26:15',33857),(3301,307,2,49.99,'2017-09-30 15:26:15',33302),(3305,316,3,54.99,'2016-02-19 15:26:15',32801),(3307,323,2,54.99,'2017-11-20 15:26:15',33084),(3308,326,2,59.99,'2015-11-26 15:26:15',33846),(3310,331,2,44.99,'2017-03-26 15:26:15',33826),(3313,337,3,49.99,'2019-01-27 15:26:15',32941),(3314,344,1,59.99,'2017-01-20 15:26:15',32812),(3316,347,4,54.99,'2019-02-05 15:26:15',32940),(3317,349,3,49.99,'2018-11-07 15:26:15',33777),(3319,356,3,59.99,'2018-06-20 15:26:15',32793),(3320,358,3,54.99,'2018-02-14 15:26:15',33856),(3323,362,3,54.99,'2016-03-20 15:26:15',33759),(3326,373,3,54.99,'2016-08-28 15:26:15',33087),(3329,382,2,44.99,'2017-03-11 15:26:15',33068),(3331,386,4,49.99,'2017-01-21 15:26:15',33398),(3334,391,2,44.99,'2016-09-17 15:26:15',33758),(3335,394,2,49.99,'2017-01-02 15:26:15',33070),(3337,398,2,29.99,'2018-12-06 15:26:15',33800),(3338,401,3,69.99,'2017-11-30 15:26:15',33882),(3340,409,4,1.79,'2017-03-12 15:26:15',33779),(3343,421,2,1.79,'2015-05-07 15:26:15',32795),(3347,431,1,1.79,'2015-08-17 15:26:15',33754),(3349,436,2,1000.00,'2015-12-03 15:26:15',32928),(3350,437,3,600.00,'2016-06-11 15:26:15',33869),(3352,440,2,14.99,'2018-02-12 15:26:15',33449),(3356,446,2,10.99,'2015-06-02 15:26:15',33880),(3358,451,3,10.99,'2015-12-17 15:26:15',33430),(3359,452,4,11.99,'2018-06-28 15:26:15',32924),(3361,457,4,11.99,'2017-01-30 15:26:15',33857),(3362,458,1,12.99,'2017-02-10 15:26:15',33875),(3364,461,4,44.99,'2018-03-09 15:26:15',33749),(3365,463,3,59.99,'2015-04-21 15:26:15',33298),(3368,467,4,59.99,'2018-04-17 15:26:15',33756),(3370,472,4,49.99,'2018-03-29 15:26:15',33442),(3371,473,2,44.99,'2017-07-30 15:26:15',33445),(3373,478,2,44.99,'2016-08-16 15:26:15',33837),(3376,482,2,1.79,'2018-03-27 15:26:15',33430),(3379,502,4,14.99,'2016-05-05 15:26:15',33449),(3382,506,2,12.99,'2018-02-02 15:26:15',33846),(3385,512,3,12.99,'2017-03-21 15:26:15',33831),(3386,514,4,12.99,'2018-02-07 15:26:15',32810),(3389,520,2,11.99,'2017-08-08 15:26:15',33870),(3391,523,2,10.99,'2017-03-19 15:26:15',32944),(3392,524,2,13.99,'2016-06-02 15:26:15',32801),(3394,527,3,44.99,'2017-12-25 15:26:15',33740),(3397,533,1,54.99,'2015-09-16 15:26:15',33439),(3398,535,2,49.99,'2017-11-28 15:26:15',33077),(3400,538,3,54.99,'2015-10-24 15:26:15',33088),(3401,541,3,59.99,'2018-07-16 15:26:15',33448),(3403,544,3,44.99,'2018-01-05 15:26:15',33063),(3404,545,2,44.99,'2018-10-28 15:26:15',33419),(3407,550,3,1.79,'2017-09-28 15:26:15',33801),(3412,565,3,12.99,'2016-08-04 15:26:15',33879),(3413,566,4,12.99,'2015-02-22 15:26:15',33879),(3415,569,3,12.99,'2016-05-18 15:26:15',33795),(3418,575,3,44.99,'2015-07-01 15:26:15',33750),(3422,583,4,49.99,'2018-11-02 15:26:15',33852),(3424,586,2,1.79,'2018-07-23 15:26:15',33847),(3425,587,4,1.79,'2017-04-04 15:26:15',33060),(3427,596,1,11.99,'2018-01-23 15:26:15',33830),(3428,598,2,11.99,'2017-05-30 15:26:15',33734),(3431,604,2,10.99,'2015-11-02 15:26:15',33407),(3433,607,2,44.99,'2017-02-10 15:26:15',32930),(3434,608,4,54.99,'2015-05-08 15:26:15',32813),(3436,611,3,44.99,'2016-01-26 15:26:15',32933),(3439,617,4,44.99,'2016-03-29 15:26:15',33296),(3440,619,1,1.79,'2017-09-09 15:26:15',33074),(3442,626,2,500.00,'2016-04-09 15:26:15',33785),(3446,632,4,14.99,'2016-08-10 15:26:15',33801),(3448,635,2,11.99,'2015-10-01 15:26:15',33762),(3449,638,3,10.99,'2017-09-15 15:26:15',33408),(3452,643,3,14.99,'2015-10-23 15:26:15',33870),(3455,649,3,10.99,'2015-05-10 15:26:15',33875),(3457,652,2,44.99,'2018-11-20 15:26:15',33059),(3460,656,3,44.99,'2018-04-13 15:26:15',33810),(3461,659,2,59.99,'2017-07-03 15:26:15',33089),(3463,662,1,54.99,'2016-01-16 15:26:15',33806),(3464,664,3,44.99,'2017-05-25 15:26:15',33414),(3466,668,4,54.99,'2016-05-22 15:26:15',33774),(3467,670,4,44.99,'2016-12-10 15:26:15',33775),(3469,673,4,89.99,'2018-09-19 15:26:15',32929),(3470,674,1,1.79,'2019-03-18 15:26:15',33076),(3473,688,1,400.00,'2015-07-29 15:26:15',33863),(3475,691,3,14.99,'2016-06-11 15:26:15',33423),(3478,695,2,10.99,'2017-06-17 15:26:15',33773),(3481,701,1,12.99,'2017-07-31 15:26:15',33848),(3482,703,4,12.99,'2017-05-20 15:26:15',33746),(3485,709,3,11.99,'2016-09-18 15:26:15',33447),(3488,713,1,14.99,'2017-04-06 15:26:15',32933),(3490,716,2,49.99,'2015-07-05 15:26:15',32804),(3491,718,1,59.99,'2016-04-23 15:26:15',33062),(3494,724,4,44.99,'2018-10-20 15:26:15',33064),(3496,727,2,49.99,'2017-03-16 15:26:15',33782),(3499,733,2,44.99,'2016-03-18 15:26:15',33794),(3502,737,3,29.99,'2015-06-11 15:26:15',32921),(3503,739,2,1.79,'2017-04-23 15:26:15',33856),(3505,750,4,12.99,'2018-09-11 15:26:15',33441),(3506,751,3,10.99,'2018-09-24 15:26:15',33446),(3508,753,2,49.99,'2015-07-05 15:26:15',33431),(3511,756,4,1.79,'2017-03-19 15:26:15',33797),(3512,757,3,12.99,'2018-10-10 15:26:15',33425),(3515,760,3,10.99,'2017-09-25 15:26:15',33765),(3517,762,3,44.99,'2016-08-26 15:26:15',33766),(3518,763,1,49.99,'2016-09-06 15:26:15',33840),(3524,769,3,13.99,'2017-12-15 15:26:15',33091),(3526,771,2,59.99,'2017-09-07 15:26:15',33870),(3527,772,4,13.99,'2017-05-12 15:26:15',33437),(3529,774,3,13.99,'2018-10-13 15:26:15',32804),(3530,775,2,59.99,'2016-09-03 15:26:15',33428),(3532,777,3,44.99,'2016-04-12 15:26:15',32933),(3533,778,3,79.99,'2015-05-27 15:26:15',33787),(3538,783,2,59.99,'2016-06-23 15:26:15',33071),(3539,784,3,49.99,'2018-08-26 15:26:15',33788),(3541,786,4,1.79,'2017-11-14 15:26:15',33080),(3544,815,3,10.99,'2016-07-31 15:26:15',33768),(3545,816,3,10.99,'2018-07-29 15:26:15',33822),(3547,818,2,11.99,'2018-06-10 15:26:15',33089),(3548,819,2,10.99,'2017-03-31 15:26:15',33080),(3550,821,3,49.99,'2018-01-31 15:26:15',33750),(3551,822,2,59.99,'2018-04-04 15:26:15',33399),(3554,825,4,1.79,'2017-06-03 15:26:15',32931),(3557,828,3,14.99,'2015-04-25 15:26:15',33761),(3559,830,2,12.99,'2018-01-29 15:26:15',33074),(3560,831,2,10.99,'2017-10-12 15:26:15',33292),(3565,836,2,49.99,'2015-05-01 15:26:15',33737),(3566,837,2,44.99,'2015-07-31 15:26:15',33069),(3568,839,3,34.99,'2015-12-20 15:26:15',33871),(3569,840,2,1.79,'2015-07-25 15:26:15',33829),(3571,842,1,10.99,'2015-10-30 15:26:15',33781),(3572,843,4,11.99,'2018-04-07 15:26:15',33419),(3574,845,1,54.99,'2017-07-22 15:26:15',33819),(3578,849,2,10.99,'2018-03-14 15:26:15',33408),(3580,851,3,10.99,'2015-02-27 15:26:15',32810),(3581,852,3,12.99,'2017-01-27 15:26:15',33424),(3583,854,3,49.99,'2016-11-14 15:26:15',33434),(3587,858,3,13.99,'2017-09-26 15:26:15',33753),(3589,860,2,13.99,'2018-09-08 15:26:15',33824),(3590,861,2,14.99,'2016-04-18 15:26:15',33760),(3592,863,2,11.99,'2015-06-22 15:26:15',32942),(3593,864,4,44.99,'2015-05-30 15:26:15',33780),(3595,866,3,54.99,'2018-05-19 15:26:15',33085),(3596,867,4,59.99,'2015-07-27 15:26:15',33301),(3599,870,4,1.79,'2016-06-13 15:26:15',33774),(3602,873,1,14.99,'2015-03-26 15:26:15',33442),(3604,875,4,14.99,'2015-07-06 15:26:15',32940),(3607,878,4,13.99,'2016-12-09 15:26:15',33419),(3610,881,2,49.99,'2018-03-03 15:26:15',33741),(3611,882,3,44.99,'2015-03-25 15:26:15',33734),(3613,884,2,49.99,'2019-02-04 15:26:15',33823),(3616,887,2,1.79,'2015-09-08 15:26:15',33815),(3694,2,1,1600.00,'2017-08-06 15:26:16',33826),(3695,4,4,2200.00,'2016-02-12 15:26:16',32931),(3697,16,3,450.00,'2018-09-21 15:26:16',33837),(3698,17,2,300.00,'2015-11-23 15:26:16',33783),(3700,23,2,400.00,'2018-09-03 15:26:16',33737),(3704,34,1,11.99,'2015-10-18 15:26:16',32934),(3706,38,3,11.99,'2016-12-15 15:26:16',33739),(3709,46,2,10.99,'2018-10-03 15:26:16',33882),(3712,58,2,14.99,'2018-09-24 15:26:16',32796),(3713,59,1,11.99,'2018-04-02 15:26:16',32797),(3715,62,3,14.99,'2017-06-11 15:26:16',33865),(3716,64,4,13.99,'2018-05-13 15:26:16',33293),(3719,71,4,10.99,'2017-08-12 15:26:16',33762),(3721,74,2,10.99,'2018-08-11 15:26:16',32809),(3722,76,3,10.99,'2017-03-07 15:26:16',32931),(3727,89,2,12.99,'2018-06-01 15:26:16',33409),(3728,92,1,11.99,'2017-01-20 15:26:16',33079),(3730,97,3,14.99,'2016-05-27 15:26:16',33431),(3733,106,3,14.99,'2016-03-22 15:26:16',33823),(3734,107,3,13.99,'2017-01-25 15:26:16',33409),(3736,113,4,12.99,'2018-07-20 15:26:16',32805),(3737,116,2,10.99,'2017-06-20 15:26:16',33065),(3742,128,3,14.99,'2016-05-26 15:26:16',33442),(3743,131,4,13.99,'2017-11-10 15:26:16',33862),(3746,137,1,10.99,'2018-04-01 15:26:16',33870),(3749,146,3,11.99,'2019-03-02 15:26:16',33851),(3754,157,3,11.99,'2016-12-19 15:26:16',32805),(3755,158,3,11.99,'2015-04-21 15:26:16',33436),(3758,166,1,12.99,'2016-04-03 15:26:16',33860),(3760,172,2,12.99,'2018-11-18 15:26:16',33806),(3761,173,1,13.99,'2018-06-24 15:26:16',33736),(3763,179,3,14.99,'2018-10-06 15:26:16',33825),(3764,181,3,13.99,'2016-07-16 15:26:16',33086),(3767,191,2,10.99,'2016-02-22 15:26:16',33781),(3769,194,3,14.99,'2017-05-30 15:26:16',33778),(3775,212,3,12.99,'2018-11-21 15:26:16',33419),(3776,214,2,14.99,'2015-04-01 15:26:16',33395),(3778,223,4,59.99,'2017-12-03 15:26:16',33754),(3779,226,4,49.99,'2015-08-08 15:26:16',33740),(3781,229,1,44.99,'2015-12-13 15:26:16',32928),(3782,232,3,54.99,'2016-01-02 15:26:16',33882),(3785,239,2,59.99,'2017-08-16 15:26:16',33454),(3788,248,4,59.99,'2017-01-13 15:26:16',33736),(3790,254,3,44.99,'2018-05-21 15:26:16',33843),(3791,256,4,44.99,'2015-04-06 15:26:16',33755),(3793,262,2,59.99,'2017-12-04 15:26:16',33440),(3797,271,1,54.99,'2015-10-25 15:26:16',33760),(3799,274,3,59.99,'2016-12-26 15:26:16',32936),(3800,277,1,44.99,'2016-02-22 15:26:16',33769),(3802,281,2,44.99,'2017-08-17 15:26:16',33294),(3803,283,1,49.99,'2019-01-14 15:26:16',33063),(3805,289,3,54.99,'2015-03-14 15:26:16',33420),(3811,304,3,54.99,'2017-02-16 15:26:16',33452),(3812,307,4,49.99,'2015-12-11 15:26:16',33744),(3814,313,4,49.99,'2017-03-12 15:26:16',33070),(3818,323,3,54.99,'2015-05-07 15:26:16',33783),(3820,328,2,54.99,'2019-03-03 15:26:16',33422),(3821,331,2,44.99,'2015-05-01 15:26:16',33077),(3823,334,1,59.99,'2015-04-16 15:26:16',33064),(3824,337,2,49.99,'2015-04-17 15:26:16',33766),(3826,346,4,44.99,'2016-04-17 15:26:16',33415),(3827,347,4,54.99,'2018-04-13 15:26:16',33435),(3830,356,2,59.99,'2016-10-30 15:26:16',33879),(3832,359,4,59.99,'2015-08-21 15:26:16',33400),(3833,361,4,59.99,'2016-08-17 15:26:16',33744),(3838,376,1,54.99,'2017-12-26 15:26:16',33806),(3841,383,3,44.99,'2016-08-17 15:26:16',33830),(3842,386,3,49.99,'2018-04-14 15:26:16',33452),(3844,389,3,49.99,'2018-12-10 15:26:16',33440),(3845,391,2,44.99,'2018-09-14 15:26:16',33439),(3847,397,2,39.99,'2017-06-06 15:26:16',33435),(3851,409,2,1.79,'2015-10-28 15:26:16',32791),(3853,419,2,1.79,'2018-09-18 15:26:16',33764),(3854,421,1,1.79,'2015-06-28 15:26:16',33874),(3856,424,3,1.79,'2017-06-19 15:26:16',33823),(3859,433,3,1.79,'2015-08-04 15:26:16',32790),(3860,436,3,1000.00,'2017-12-31 15:26:16',33079),(3862,439,2,14.99,'2018-03-27 15:26:16',33739),(3863,440,2,14.99,'2019-02-27 15:26:16',33876),(3865,443,3,13.99,'2015-05-13 15:26:16',33075),(3868,449,4,13.99,'2015-09-06 15:26:16',33419),(3869,451,3,10.99,'2015-03-14 15:26:16',33814),(3875,461,3,44.99,'2017-09-02 15:26:16',33415),(3877,464,4,59.99,'2016-10-24 15:26:16',33862),(3880,470,3,59.99,'2015-05-19 15:26:16',33398),(3881,472,2,49.99,'2019-03-09 15:26:16',33740),(3884,478,2,44.99,'2016-08-07 15:26:16',33868),(3886,481,1,1.79,'2018-02-28 15:26:16',32809),(3889,500,3,400.00,'2019-01-13 15:26:16',33878),(3890,502,1,14.99,'2016-06-27 15:26:16',33793),(3893,506,1,12.99,'2017-05-26 15:26:16',33857),(3896,512,2,12.99,'2018-01-13 15:26:16',32940),(3898,515,3,13.99,'2017-08-22 15:26:16',33747),(3901,521,2,11.99,'2016-07-15 15:26:16',33432),(3902,523,3,10.99,'2016-01-21 15:26:16',33086),(3904,526,1,59.99,'2018-08-19 15:26:16',33439),(3907,530,2,54.99,'2017-01-28 15:26:16',33852),(3908,533,1,54.99,'2016-02-22 15:26:16',33444),(3910,536,2,44.99,'2018-05-02 15:26:16',33811),(3911,538,3,54.99,'2015-04-07 15:26:16',33064),(3914,544,3,44.99,'2015-07-19 15:26:16',33749),(3917,548,1,54.99,'2016-10-20 15:26:16',33816),(3919,551,3,1.79,'2015-06-27 15:26:16',33875),(3923,565,3,12.99,'2018-04-12 15:26:16',32919),(3925,568,4,14.99,'2015-02-28 15:26:16',32933),(3928,572,2,13.99,'2015-10-02 15:26:16',33447),(3929,575,3,44.99,'2019-03-14 15:26:16',33430),(3931,578,1,54.99,'2018-12-09 15:26:16',33429),(3932,580,4,59.99,'2016-12-07 15:26:16',32807),(3935,586,1,1.79,'2015-07-16 15:26:16',33865),(3937,593,4,600.00,'2015-11-16 15:26:16',33072),(3940,599,3,14.99,'2017-03-11 15:26:16',32919),(3943,605,1,10.99,'2016-03-19 15:26:16',33441),(3944,607,3,44.99,'2017-05-18 15:26:16',33434),(3946,610,4,49.99,'2017-01-27 15:26:16',33793),(3947,611,4,44.99,'2018-06-20 15:26:16',33769),(3950,617,4,44.99,'2018-05-28 15:26:16',33449),(3953,626,3,500.00,'2017-02-20 15:26:16',32810),(3956,631,4,11.99,'2015-03-27 15:26:16',33447),(3959,635,3,11.99,'2016-09-02 15:26:16',32799),(3961,640,3,14.99,'2018-11-21 15:26:16',33436),(3964,646,1,14.99,'2017-01-21 15:26:16',33876),(3967,650,4,10.99,'2016-09-02 15:26:16',33450),(3968,652,3,44.99,'2018-11-12 15:26:16',33858),(3970,655,2,49.99,'2018-09-04 15:26:16',33758),(3973,661,2,44.99,'2016-02-04 15:26:16',33805),(3974,662,2,54.99,'2015-07-20 15:26:16',33882),(3977,668,2,54.99,'2015-08-03 15:26:16',33809),(3979,671,4,59.99,'2017-03-11 15:26:16',33402),(3980,673,3,89.99,'2018-12-25 15:26:16',33824),(3985,689,3,600.00,'2018-05-28 15:26:16',32922),(3986,691,2,14.99,'2017-08-12 15:26:16',33060),(3988,694,1,13.99,'2017-06-16 15:26:16',33059),(3989,695,4,10.99,'2018-12-05 15:26:16',33780),(3992,701,1,12.99,'2016-04-06 15:26:16',33786),(3994,704,4,12.99,'2019-02-03 15:26:16',33778),(3995,706,3,11.99,'2018-03-28 15:26:16',33858),(3998,712,4,11.99,'2016-01-13 15:26:16',33737),(4000,715,3,54.99,'2018-01-22 15:26:16',32934),(4001,716,2,49.99,'2017-05-20 15:26:16',33767),(4003,719,2,54.99,'2016-04-18 15:26:16',32923),(4006,725,3,49.99,'2018-04-02 15:26:16',33740),(4007,727,2,49.99,'2018-03-04 15:26:16',33872),(4009,731,3,54.99,'2018-04-06 15:26:16',32813),(4010,733,1,44.99,'2016-10-09 15:26:16',32943),(4012,736,4,49.99,'2016-06-06 15:26:16',33784),(4013,737,3,29.99,'2016-11-27 15:26:16',33782),(4016,750,2,12.99,'2015-03-13 15:26:16',33851),(4019,753,2,49.99,'2015-08-03 15:26:16',33076),(4021,755,1,54.99,'2019-02-21 15:26:16',33852),(4022,756,4,1.79,'2017-11-21 15:26:16',33873),(4024,758,1,10.99,'2017-08-05 15:26:16',33427),(4027,761,4,59.99,'2018-08-30 15:26:16',33780),(4028,762,3,44.99,'2017-06-11 15:26:16',33059),(4031,765,3,11.99,'2016-06-24 15:26:16',32930),(4033,767,4,59.99,'2016-05-25 15:26:16',33866),(4034,768,2,10.99,'2017-12-19 15:26:16',32790),(4036,770,4,59.99,'2016-08-16 15:26:16',33301),(4040,774,3,13.99,'2015-07-06 15:26:16',32807),(4042,776,3,49.99,'2019-01-27 15:26:16',33080),(4045,779,3,12.99,'2018-09-10 15:26:16',33841),(4049,783,1,59.99,'2015-04-30 15:26:16',33410),(4051,785,3,49.99,'2018-02-22 15:26:16',33434),(4052,786,2,1.79,'2018-06-22 15:26:16',33447),(4055,815,3,10.99,'2015-08-12 15:26:16',33871),(4057,817,2,10.99,'2017-01-03 15:26:16',33845),(4058,818,2,11.99,'2016-07-13 15:26:16',33398),(4061,821,2,49.99,'2015-11-22 15:26:16',33750),(4063,823,4,54.99,'2018-09-10 15:26:16',33454),(4064,824,1,44.99,'2018-09-08 15:26:16',33302),(4066,826,3,300.00,'2017-03-03 15:26:16',33427),(4072,832,3,10.99,'2015-09-21 15:26:16',33083),(4073,833,2,44.99,'2016-03-13 15:26:16',33296),(4075,835,3,54.99,'2015-03-17 15:26:16',32940),(4076,836,2,49.99,'2017-03-19 15:26:16',32804),(4078,838,3,49.99,'2017-04-13 15:26:16',33068),(4079,839,3,34.99,'2017-10-29 15:26:16',32920),(4084,844,2,59.99,'2018-02-08 15:26:16',33802),(4085,845,4,54.99,'2016-10-26 15:26:16',33844),(4087,847,3,0.00,'2019-02-20 15:26:16',33744),(4090,850,2,12.99,'2016-07-05 15:26:16',33415),(4091,851,1,10.99,'2017-09-15 15:26:16',33084),(4093,853,3,54.99,'2017-02-12 15:26:16',32802),(4094,854,4,49.99,'2015-06-20 15:26:16',32802),(4096,856,2,450.00,'2015-06-23 15:26:16',32920),(4097,857,3,500.00,'2018-05-24 15:26:16',33830),(4099,859,2,14.99,'2016-04-21 15:26:16',33863),(4100,860,3,13.99,'2016-09-22 15:26:16',33072),(4105,865,2,44.99,'2015-06-04 15:26:16',32800),(4106,866,1,54.99,'2018-03-12 15:26:16',32812),(4111,871,1,1.79,'2017-03-17 15:26:16',33812),(4112,872,2,1500.00,'2019-02-06 15:26:16',33076),(4115,875,2,14.99,'2016-10-11 15:26:16',33450),(4117,877,2,13.99,'2016-02-21 15:26:16',33881),(4118,878,3,13.99,'2017-07-15 15:26:16',33071),(4120,880,3,54.99,'2016-05-30 15:26:16',33066),(4124,884,2,49.99,'2016-02-23 15:26:16',33401),(4126,886,3,149.99,'2015-11-08 15:26:16',33424),(4127,887,2,1.79,'2019-01-13 15:26:16',32930),(4206,73,3,12.99,'2015-10-16 15:25:00',33818),(4207,134,3,13.99,'2015-06-25 15:25:00',33296),(4208,163,1,14.99,'2016-01-17 15:25:00',33086),(4209,178,3,14.99,'2016-02-23 15:25:00',32800),(4210,211,4,14.99,'2018-12-16 15:25:00',32920),(4211,272,4,44.99,'2017-08-07 15:25:00',33801),(4212,302,2,59.99,'2018-11-18 15:25:00',33759),(4213,316,3,54.99,'2017-10-28 15:25:00',33419),(4214,349,3,49.99,'2016-01-20 15:25:00',33442),(4215,362,2,54.99,'2015-10-04 15:25:00',33778),(4216,394,2,49.99,'2018-12-10 15:25:00',33823),(4217,412,3,1.79,'2018-06-09 15:25:00',33754),(4218,452,4,11.99,'2016-02-08 15:25:00',33877),(4219,473,1,44.99,'2015-12-05 15:25:00',33764),(4220,499,3,400.00,'2015-12-08 15:25:00',33788),(4221,520,2,11.99,'2016-10-03 15:25:00',33779),(4222,550,1,1.79,'2016-02-19 15:25:00',33838),(4223,587,4,1.79,'2015-03-23 15:25:00',33867),(4224,604,3,10.99,'2016-09-08 15:25:00',32938),(4226,638,3,10.99,'2019-01-04 15:25:00',33413),(4227,659,3,59.99,'2018-01-04 15:25:00',32807),(4228,670,2,44.99,'2016-01-11 15:25:00',33741),(4229,709,3,11.99,'2016-05-13 15:25:00',32935),(4230,730,2,59.99,'2016-05-11 15:25:00',32932),(4231,739,2,1.79,'2016-09-13 15:25:00',32936),(4232,760,3,10.99,'2017-12-05 15:25:00',33429),(4233,778,3,79.99,'2015-09-22 15:25:00',33788),(4234,784,4,49.99,'2018-03-31 15:25:00',32813),(4235,822,4,59.99,'2018-10-02 15:25:00',33068),(4236,828,2,14.99,'2016-07-03 15:25:00',33442),(4237,840,2,1.79,'2018-08-06 15:25:00',33869),(4238,846,4,49.99,'2017-11-06 15:25:00',33748),(4239,858,1,13.99,'2015-06-19 15:25:00',32797),(4240,864,1,44.99,'2017-12-05 15:25:00',33771),(4241,4,3,2200.00,'2017-01-19 15:25:02',33084),(4243,59,2,11.99,'2017-03-22 15:25:02',33806),(4244,71,3,10.99,'2018-12-01 15:25:02',33075),(4245,116,2,10.99,'2016-12-29 15:25:02',32944),(4246,146,4,11.99,'2017-03-28 15:25:02',33772),(4247,158,2,11.99,'2017-06-12 15:25:02',33063),(4248,191,3,10.99,'2017-04-23 15:25:02',33744),(4249,239,4,59.99,'2017-07-13 15:25:02',33855),(4250,256,2,44.99,'2017-03-10 15:25:02',33850),(4251,283,3,49.99,'2018-01-22 15:25:02',32806),(4252,331,3,44.99,'2018-10-08 15:25:02',33734),(4253,347,1,54.99,'2018-01-06 15:25:02',33822),(4254,379,2,49.99,'2016-05-15 15:25:02',33833),(4255,391,4,44.99,'2018-02-01 15:25:02',33819),(4256,440,1,14.99,'2017-07-29 15:25:02',33440),(4257,472,4,49.99,'2016-12-21 15:25:02',33792),(4258,506,3,12.99,'2016-10-12 15:25:02',33440),(4259,538,2,54.99,'2016-02-17 15:25:02',33301),(4260,548,2,54.99,'2016-11-09 15:25:02',33755),(4261,575,3,44.99,'2019-01-17 15:25:02',33743),(4262,586,3,1.79,'2018-10-01 15:25:02',33866),(4263,611,2,44.99,'2016-03-14 15:25:02',33768),(4264,626,1,500.00,'2015-04-10 15:25:02',33082),(4265,647,3,10.99,'2015-11-14 15:25:02',32924),(4266,656,2,44.99,'2015-04-01 15:25:02',32812),(4267,695,2,10.99,'2015-11-20 15:25:02',33852),(4268,716,4,49.99,'2018-01-26 15:25:02',32943),(4269,753,3,49.99,'2015-09-10 15:25:02',33759),(4270,771,2,59.99,'2017-01-03 15:25:02',33399),(4271,777,2,44.99,'2017-03-23 15:25:02',33754),(4272,815,4,10.99,'2016-06-24 15:25:02',33867),(4273,821,1,49.99,'2018-02-19 15:25:02',33755),(4274,839,4,34.99,'2018-01-17 15:25:02',33875),(4275,851,2,10.99,'2018-09-16 15:25:02',33450),(4276,857,3,500.00,'2018-01-27 15:25:02',33736),(4277,875,3,14.99,'2016-12-26 15:25:02',33452),(4278,887,2,1.79,'2017-09-28 15:25:02',33849),(4279,38,2,11.99,'2015-09-14 15:25:03',33425),(4280,58,2,14.99,'2018-07-18 15:25:03',33804),(4281,97,2,14.99,'2016-04-12 15:25:03',33859),(4282,128,3,14.99,'2016-12-02 15:25:03',33078),(4284,223,1,59.99,'2016-10-12 15:25:03',33084),(4285,236,3,59.99,'2016-07-18 15:25:03',33878),(4286,269,4,44.99,'2019-02-20 15:25:03',33410),(4287,281,1,44.99,'2017-05-27 15:25:03',33089),(4288,313,2,49.99,'2015-04-20 15:25:03',33851),(4289,328,2,54.99,'2018-10-31 15:25:03',32925),(4290,359,2,59.99,'2018-12-23 15:25:03',33755),(4291,376,2,54.99,'2017-12-23 15:25:03',33446),(4292,424,3,1.79,'2016-02-18 15:25:03',33803),(4293,449,3,13.99,'2016-06-04 15:25:03',32808),(4294,460,3,54.99,'2015-08-24 15:25:03',33447),(4295,481,1,1.79,'2015-03-23 15:25:03',33842),(4296,526,3,59.99,'2017-09-28 15:25:03',33781),(4297,536,4,44.99,'2015-12-05 15:25:03',32807),(4299,572,4,13.99,'2016-08-08 15:25:03',33403),(4300,599,2,14.99,'2016-05-05 15:25:03',33758),(4301,610,3,49.99,'2015-09-19 15:25:03',33081),(4302,646,3,14.99,'2017-02-06 15:25:03',33760),(4303,676,2,1.79,'2018-09-15 15:25:03',33405),(4304,704,4,12.99,'2016-09-01 15:25:03',33295),(4305,715,3,54.99,'2017-03-09 15:25:03',33877),(4306,736,3,49.99,'2016-08-06 15:25:03',32923),(4307,764,2,1.79,'2018-12-08 15:25:03',33093),(4308,770,1,59.99,'2015-12-14 15:25:03',33768),(4309,782,4,49.99,'2016-05-18 15:25:03',33298),(4311,826,3,300.00,'2015-06-25 15:25:03',33403),(4312,832,3,10.99,'2015-05-28 15:25:03',33862),(4313,844,2,59.99,'2016-04-22 15:25:03',33296),(4314,868,2,44.99,'2015-11-16 15:25:03',33429),(4315,880,3,54.99,'2017-01-12 15:25:03',32935),(4316,886,3,149.99,'2015-04-19 15:25:03',33824),(4317,19,2,600.00,'2015-09-04 15:25:03',33767),(4318,37,3,13.99,'2019-02-11 15:25:03',33876),(4320,109,3,14.99,'2016-01-07 15:25:03',33440),(4321,127,3,13.99,'2017-03-22 15:25:03',32798),(4322,152,2,13.99,'2018-06-27 15:25:03',32943),(4323,199,2,14.99,'2016-01-13 15:25:03',32800),(4324,251,4,54.99,'2017-08-07 15:25:03',33814),(4325,268,3,54.99,'2016-08-24 15:25:03',32919),(4326,293,2,44.99,'2018-08-21 15:25:03',33786),(4327,311,1,49.99,'2016-08-02 15:25:03',33430),(4328,344,2,59.99,'2018-03-05 15:25:03',32809),(4329,358,2,54.99,'2018-10-02 15:25:03',32794),(4330,401,3,69.99,'2018-11-14 15:25:03',33769),(4331,437,3,600.00,'2016-04-23 15:25:03',33749),(4332,446,3,10.99,'2015-05-30 15:25:03',32921),(4333,467,2,59.99,'2015-11-29 15:25:03',33787),(4334,514,1,12.99,'2017-07-31 15:25:03',32802),(4335,524,3,13.99,'2018-03-14 15:25:03',33405),(4336,545,2,44.99,'2018-05-06 15:25:03',33088),(4337,562,3,550.00,'2018-01-18 15:25:03',33872),(4338,583,2,49.99,'2018-12-02 15:25:03',33834),(4339,598,1,11.99,'2018-11-22 15:25:03',33781),(4340,619,4,1.79,'2015-09-11 15:25:03',33446),(4341,632,3,14.99,'2015-09-25 15:25:03',33866),(4342,692,3,14.99,'2017-11-23 15:25:03',33813),(4343,703,2,12.99,'2018-01-17 15:25:03',33444),(4344,724,3,44.99,'2018-07-16 15:25:03',33426),(4345,757,1,12.99,'2018-10-28 15:25:03',32932),(4346,763,4,49.99,'2016-04-05 15:25:03',33071),(4347,781,3,10.99,'2016-01-05 15:25:03',33771),(4348,819,2,10.99,'2018-04-17 15:25:03',33764),(4349,825,3,1.79,'2017-07-22 15:25:03',32922),(4350,837,1,44.99,'2018-01-19 15:25:03',33788),(4351,843,2,11.99,'2017-08-24 15:25:03',33422),(4352,861,2,14.99,'2016-08-28 15:25:03',33770),(4353,873,2,14.99,'2018-02-07 15:25:03',33419),(4354,879,4,11.99,'2017-06-01 15:25:03',33416),(4355,17,4,300.00,'2018-03-15 15:25:03',33850),(4356,64,3,13.99,'2016-09-10 15:25:03',33402),(4357,107,2,13.99,'2016-04-07 15:25:03',33403),(4358,137,3,10.99,'2016-05-18 15:25:03',33746),(4359,181,4,13.99,'2016-06-08 15:25:03',32792),(4360,197,2,13.99,'2018-12-05 15:25:03',33078),(4361,232,2,54.99,'2018-10-02 15:25:03',33828),(4362,248,3,59.99,'2018-02-02 15:25:03',33090),(4363,277,1,44.99,'2016-05-02 15:25:03',33800),(4364,292,2,44.99,'2015-10-14 15:25:03',32922),(4365,323,1,54.99,'2015-07-03 15:25:03',33072),(4366,337,3,49.99,'2018-10-25 15:25:03',33428),(4367,386,2,49.99,'2015-09-06 15:25:03',33057),(4368,421,2,1.79,'2018-08-18 15:25:03',33438),(4369,457,1,11.99,'2015-09-01 15:25:03',32799),(4370,502,4,14.99,'2019-03-15 15:25:03',33082),(4371,512,3,12.99,'2019-03-01 15:25:03',33433),(4372,533,3,54.99,'2016-10-30 15:25:03',33832),(4373,544,2,44.99,'2016-11-13 15:25:03',33847),(4374,580,2,59.99,'2015-04-13 15:25:03',33811),(4375,607,4,44.99,'2019-02-24 15:25:03',32934),(4376,617,3,44.99,'2015-08-19 15:25:03',32807),(4377,652,3,44.99,'2016-10-28 15:25:03',33453),(4378,673,3,89.99,'2019-03-25 15:25:03',33438),(4379,691,2,14.99,'2017-04-21 15:25:03',33810),(4380,712,3,11.99,'2015-05-27 15:25:03',33787),(4381,750,4,12.99,'2015-06-05 15:25:03',33844),(4382,756,4,1.79,'2016-02-26 15:25:03',33436),(4383,768,2,10.99,'2017-05-05 15:25:03',32934),(4384,774,3,13.99,'2016-03-29 15:25:03',33437),(4385,786,2,1.79,'2017-05-24 15:25:03',33879),(4386,830,2,12.99,'2018-08-12 15:25:03',33757),(4387,836,1,49.99,'2019-02-11 15:25:03',33749),(4388,854,4,49.99,'2018-06-29 15:25:03',33740),(4389,866,1,54.99,'2018-10-13 15:25:03',32926),(4390,872,3,1500.00,'2015-12-17 15:25:03',33422),(4391,46,1,10.99,'2017-03-13 15:26:15',32924),(4392,74,3,10.99,'2017-07-31 15:26:15',33810),(4393,89,1,12.99,'2017-07-17 15:26:15',33410),(4395,164,4,14.99,'2017-03-13 15:26:15',32790),(4396,179,2,14.99,'2018-11-22 15:26:15',33800),(4397,212,2,12.99,'2017-04-04 15:26:15',33092),(4398,229,2,44.99,'2018-02-24 15:26:15',33441),(4399,262,1,59.99,'2015-03-25 15:26:15',33847),(4400,274,3,59.99,'2015-11-10 15:26:15',33743),(4401,317,2,54.99,'2018-02-16 15:26:15',33420),(4402,367,4,44.99,'2018-05-15 15:26:15',33071),(4403,397,4,39.99,'2016-01-01 15:26:15',33771),(4404,419,3,1.79,'2017-06-21 15:26:15',33808),(4405,443,2,13.99,'2018-02-10 15:26:15',33427),(4406,475,2,49.99,'2017-03-26 15:26:15',33882),(4407,500,2,400.00,'2018-12-15 15:26:15',33788),(4408,521,3,11.99,'2016-03-12 15:26:15',33425),(4409,530,4,54.99,'2018-10-12 15:26:15',33741),(4410,551,3,1.79,'2017-06-16 15:26:15',33758),(4411,568,1,14.99,'2018-08-29 15:26:15',33760),(4412,593,2,600.00,'2016-07-04 15:26:15',33818),(4413,640,1,14.99,'2017-06-20 15:26:15',33435),(4414,661,4,44.99,'2015-06-09 15:26:15',33073),(4415,671,1,59.99,'2017-09-09 15:26:15',32939),(4416,698,2,12.99,'2016-11-09 15:26:15',33738),(4417,740,1,1.79,'2016-10-12 15:26:15',33446),(4418,761,4,59.99,'2018-03-04 15:26:15',33410),(4419,767,3,59.99,'2018-05-08 15:26:15',32790),(4420,779,3,12.99,'2018-02-17 15:26:15',32795),(4421,785,3,49.99,'2016-07-05 15:26:15',33435),(4422,823,3,54.99,'2019-03-14 15:26:15',33445),(4423,829,2,11.99,'2015-08-03 15:26:15',33807),(4424,847,2,0.00,'2019-01-19 15:26:15',33072),(4425,859,3,14.99,'2016-02-13 15:26:15',33853),(4426,865,4,44.99,'2017-05-18 15:26:15',33748),(4427,877,1,13.99,'2018-12-19 15:26:15',33817),(4429,61,4,14.99,'2017-05-18 15:26:16',32944),(4430,73,2,12.99,'2015-05-29 15:26:16',33427),(4431,103,3,12.99,'2017-03-21 15:26:16',32940),(4432,148,3,12.99,'2016-08-01 15:26:16',33806),(4433,163,3,14.99,'2018-05-01 15:26:16',33882),(4434,193,4,14.99,'2016-05-18 15:26:16',33303),(4435,211,2,14.99,'2018-12-13 15:26:16',33760),(4436,241,2,59.99,'2015-02-27 15:26:16',33836),(4437,257,1,59.99,'2017-01-25 15:26:16',33872),(4438,284,1,54.99,'2017-08-19 15:26:16',33799),(4439,302,2,59.99,'2017-06-08 15:26:16',33748),(4440,382,3,44.99,'2017-12-11 15:26:16',33069),(4441,394,2,49.99,'2015-11-11 15:26:16',33828),(4442,431,1,1.79,'2015-05-01 15:26:16',33737),(4443,463,3,59.99,'2016-03-16 15:26:16',33877),(4444,473,4,44.99,'2015-12-30 15:26:16',33860),(4445,520,3,11.99,'2017-07-18 15:26:16',33778),(4446,541,2,59.99,'2017-08-07 15:26:16',33086),(4447,550,3,1.79,'2018-04-27 15:26:16',33067),(4448,577,3,44.99,'2017-01-15 15:26:16',33446),(4449,587,1,1.79,'2016-08-28 15:26:16',32936),(4451,649,3,10.99,'2015-09-10 15:26:16',33077),(4452,659,3,59.99,'2017-02-12 15:26:16',32919),(4453,688,4,400.00,'2017-03-15 15:26:16',32925),(4454,718,4,59.99,'2015-03-06 15:26:16',33425),(4455,730,3,59.99,'2016-02-01 15:26:16',33774),(4456,754,2,49.99,'2015-12-28 15:26:16',33779),(4457,772,3,13.99,'2019-03-26 15:26:16',33293),(4458,778,2,79.99,'2018-06-16 15:26:16',33301),(4459,816,1,10.99,'2018-06-25 15:26:16',33876),(4460,822,2,59.99,'2016-04-29 15:26:16',33743),(4461,840,1,1.79,'2018-04-07 15:26:16',33774),(4462,858,3,13.99,'2016-07-09 15:26:16',32933),(4463,870,2,1.79,'2018-03-01 15:26:16',33402),(4715,19,1,600.00,'2018-10-07 15:25:00',32806),(4716,53,2,11.99,'2018-07-27 15:25:00',33424),(4717,94,2,11.99,'2016-10-20 15:25:00',33817),(4718,109,2,14.99,'2016-09-21 15:25:00',33821),(4719,139,2,10.99,'2017-08-10 15:25:00',33752),(4720,152,2,13.99,'2018-11-24 15:25:00',32803),(4721,184,2,11.99,'2017-08-31 15:25:00',32919),(4722,199,3,14.99,'2017-06-26 15:25:00',33874),(4723,233,3,59.99,'2019-03-16 15:25:00',32795),(4724,251,4,54.99,'2015-10-03 15:25:00',32799),(4725,293,3,44.99,'2016-11-30 15:25:00',32807),(4726,326,2,59.99,'2018-07-10 15:25:00',33798),(4727,373,2,54.99,'2016-05-07 15:25:00',33869),(4728,422,3,1.79,'2017-04-06 15:25:00',33753),(4729,437,4,600.00,'2015-08-07 15:25:00',32927),(4730,458,1,12.99,'2016-05-27 15:25:00',33833),(4731,467,3,59.99,'2019-02-26 15:25:00',33819),(4732,514,2,12.99,'2015-06-12 15:25:00',33436),(4733,535,3,49.99,'2016-03-17 15:25:00',33428),(4734,545,3,44.99,'2018-10-27 15:25:00',33071),(4735,583,2,49.99,'2018-07-20 15:25:00',33842),(4736,608,2,54.99,'2018-07-12 15:25:00',33752),(4737,619,1,1.79,'2018-11-16 15:25:00',33765),(4738,643,1,14.99,'2016-04-07 15:25:00',33296),(4739,674,3,1.79,'2015-10-05 15:25:00',33441),(4740,692,3,14.99,'2016-06-15 15:25:00',33417),(4741,713,2,14.99,'2017-01-28 15:25:00',32807),(4742,724,3,44.99,'2017-02-11 15:25:00',33867),(4743,751,3,10.99,'2016-07-06 15:25:00',33767),(4744,769,4,13.99,'2015-12-23 15:25:00',33838),(4745,775,2,59.99,'2018-06-11 15:25:00',33806),(4746,819,2,10.99,'2016-06-08 15:25:00',33425),(4747,831,2,10.99,'2019-01-09 15:25:00',33782),(4748,837,3,44.99,'2017-10-31 15:25:00',33809),(4749,867,3,59.99,'2015-09-09 15:25:00',33427),(4750,873,3,14.99,'2016-05-08 15:25:00',33793),(4751,885,3,59.99,'2017-06-29 15:25:00',33417),(4752,34,3,11.99,'2015-12-08 15:25:02',33856),(4753,76,2,10.99,'2016-09-02 15:25:02',33088),(4754,92,4,11.99,'2015-03-01 15:25:02',32925),(4756,137,2,10.99,'2018-08-18 15:25:02',32791),(4757,166,3,12.99,'2017-03-12 15:25:02',33417),(4758,181,3,13.99,'2017-06-07 15:25:02',33761),(4759,232,2,54.99,'2016-11-08 15:25:02',33737),(4760,277,3,44.99,'2016-04-19 15:25:02',33831),(4761,307,4,49.99,'2016-08-01 15:25:02',33793),(4762,323,3,54.99,'2017-12-06 15:25:02',33418),(4763,356,2,59.99,'2019-02-01 15:25:02',32806),(4764,398,2,29.99,'2017-07-17 15:25:02',33078),(4765,421,2,1.79,'2015-11-24 15:25:02',32935),(4767,457,1,11.99,'2017-06-05 15:25:02',33745),(4768,478,3,44.99,'2018-03-16 15:25:02',33812),(4769,502,4,14.99,'2018-02-16 15:25:02',33438),(4770,523,2,10.99,'2015-05-01 15:25:02',33089),(4771,569,2,12.99,'2017-08-21 15:25:02',32926),(4772,596,1,11.99,'2018-04-15 15:25:02',33397),(4773,607,1,44.99,'2018-05-02 15:25:02',33816),(4774,631,3,11.99,'2015-10-16 15:25:02',33451),(4775,673,3,89.99,'2015-12-26 15:25:02',33857),(4776,701,3,12.99,'2015-03-24 15:25:02',33089),(4777,712,2,11.99,'2017-11-07 15:25:02',33745),(4778,733,3,44.99,'2016-09-12 15:25:02',33295),(4779,750,2,12.99,'2018-05-12 15:25:02',33448),(4780,762,2,44.99,'2015-08-25 15:25:02',33882),(4781,768,3,10.99,'2019-03-16 15:25:02',33791),(4782,786,2,1.79,'2016-10-13 15:25:02',33766),(4783,824,1,44.99,'2016-07-04 15:25:02',33433),(4784,830,2,12.99,'2017-11-24 15:25:02',33830),(4785,842,2,10.99,'2015-08-18 15:25:02',33836),(4786,860,3,13.99,'2018-01-24 15:25:02',33772),(4787,878,3,13.99,'2015-04-25 15:25:02',33448),(4788,884,1,49.99,'2018-08-27 15:25:02',33777),(4789,16,3,450.00,'2016-12-15 15:25:03',33419),(4790,62,3,14.99,'2015-05-22 15:25:03',33067),(4791,74,3,10.99,'2018-06-07 15:25:03',33442),(4792,106,2,14.99,'2017-01-24 15:25:03',33788),(4794,149,3,13.99,'2018-12-16 15:25:03',33841),(4795,164,3,14.99,'2015-02-24 15:25:03',33070),(4796,194,3,14.99,'2019-03-24 15:25:03',33400),(4797,212,3,12.99,'2017-09-08 15:25:03',33424),(4798,289,2,54.99,'2018-11-27 15:25:03',33842),(4799,304,2,54.99,'2016-07-21 15:25:03',33066),(4800,334,3,59.99,'2017-02-04 15:25:03',33453),(4801,383,2,44.99,'2016-05-03 15:25:03',33865),(4802,397,3,39.99,'2018-06-24 15:25:03',33810),(4803,443,1,13.99,'2017-06-22 15:25:03',33852),(4804,464,2,59.99,'2018-04-28 15:25:03',33424),(4805,475,2,49.99,'2015-12-20 15:25:03',32791),(4807,521,2,11.99,'2017-08-26 15:25:03',33085),(4808,551,3,1.79,'2016-04-03 15:25:03',33866),(4809,578,3,54.99,'2016-06-14 15:25:03',32801),(4810,593,2,600.00,'2017-07-16 15:25:03',32931),(4811,614,2,49.99,'2015-08-27 15:25:03',33828),(4812,650,2,10.99,'2015-02-28 15:25:03',33411),(4813,661,3,44.99,'2017-12-18 15:25:03',33421),(4814,689,2,600.00,'2018-09-19 15:25:03',33085),(4815,719,3,54.99,'2016-03-20 15:25:03',33842),(4816,731,2,54.99,'2016-06-17 15:25:03',33423),(4817,755,2,54.99,'2019-02-19 15:25:03',33800),(4818,761,3,59.99,'2015-11-08 15:25:03',32931),(4819,779,1,12.99,'2016-02-04 15:25:03',33425),(4820,823,3,54.99,'2016-02-10 15:25:03',33836),(4821,835,2,54.99,'2015-11-09 15:25:03',33737),(4822,853,3,54.99,'2015-10-20 15:25:03',33865),(4823,859,3,14.99,'2015-03-05 15:25:03',33786),(4824,871,3,1.79,'2016-10-31 15:25:03',32921),(4825,877,3,13.99,'2017-10-21 15:25:03',33303),(4827,61,1,14.99,'2018-01-12 15:25:03',33295),(4828,86,3,12.99,'2016-02-29 15:25:03',33419),(4829,103,3,12.99,'2017-12-05 15:25:03',33449),(4830,148,1,12.99,'2016-01-17 15:25:03',33292),(4831,178,4,14.99,'2015-07-12 15:25:03',33880),(4832,193,4,14.99,'2015-12-30 15:25:03',33827),(4833,241,3,59.99,'2015-03-04 15:25:03',33810),(4834,272,4,44.99,'2017-02-10 15:25:03',33067),(4835,284,2,54.99,'2018-08-14 15:25:03',33297),(4836,316,4,54.99,'2017-08-27 15:25:03',32922),(4837,362,3,54.99,'2016-10-19 15:25:03',33824),(4838,382,4,44.99,'2017-05-15 15:25:03',33076),(4839,412,2,1.79,'2017-08-04 15:25:03',33399),(4840,431,1,1.79,'2017-05-04 15:25:03',33080),(4841,452,2,11.99,'2018-11-06 15:25:03',33804),(4842,499,1,400.00,'2017-10-14 15:25:03',33407),(4844,541,3,59.99,'2016-05-17 15:25:03',33825),(4845,566,3,12.99,'2018-07-13 15:25:03',33093),(4846,577,1,44.99,'2016-01-24 15:25:03',32799),(4847,638,2,10.99,'2018-05-09 15:25:03',33065),(4848,649,3,10.99,'2017-05-22 15:25:03',32805),(4849,670,3,44.99,'2017-03-13 15:25:03',33811),(4850,688,4,400.00,'2019-02-12 15:25:03',33863),(4851,709,1,11.99,'2015-08-11 15:25:03',33797),(4852,718,1,59.99,'2018-12-08 15:25:03',33453),(4853,739,3,1.79,'2017-10-16 15:25:03',33788),(4854,754,2,49.99,'2017-02-23 15:25:03',33836),(4855,772,2,13.99,'2016-03-22 15:25:03',33083),(4856,784,2,49.99,'2019-01-28 15:25:03',33410),(4857,816,3,10.99,'2017-01-28 15:25:03',33878),(4858,828,4,14.99,'2016-11-09 15:25:03',32937),(4859,846,2,49.99,'2015-12-03 15:25:03',33866),(4860,852,1,12.99,'2017-06-02 15:25:03',33873),(4861,864,1,44.99,'2015-11-24 15:25:03',32812),(4862,870,3,1.79,'2015-05-22 15:25:03',33797),(4863,882,1,44.99,'2017-09-18 15:25:03',33778),(4865,41,2,13.99,'2016-10-18 15:25:03',32938),(4866,71,1,10.99,'2016-02-27 15:25:03',33869),(4868,116,4,10.99,'2016-05-10 15:25:03',32800),(4869,131,2,13.99,'2016-10-20 15:25:03',33447),(4870,158,2,11.99,'2016-03-11 15:25:03',33397),(4871,226,2,49.99,'2016-04-10 15:25:03',33742),(4872,256,4,44.99,'2016-11-07 15:25:03',33401),(4873,271,4,54.99,'2015-08-01 15:25:03',33792),(4874,298,2,44.99,'2016-10-02 15:25:03',33809),(4875,361,3,59.99,'2019-02-17 15:25:03',32793),(4876,391,2,44.99,'2016-06-17 15:25:03',33778),(4877,409,2,1.79,'2015-08-27 15:25:03',33082),(4878,440,2,14.99,'2015-03-14 15:25:03',33851),(4879,451,4,10.99,'2019-01-02 15:25:03',33763),(4880,472,4,49.99,'2016-06-15 15:25:03',33396),(4881,482,2,1.79,'2016-04-29 15:25:03',33853),(4882,527,4,44.99,'2016-02-14 15:25:03',33414),(4883,548,4,54.99,'2016-02-20 15:25:03',33061),(4884,565,3,12.99,'2018-03-26 15:25:03',33435),(4885,586,3,1.79,'2019-01-09 15:25:03',32933),(4886,626,3,500.00,'2017-05-23 15:25:03',33849),(4887,656,1,44.99,'2016-04-15 15:25:03',32808),(4888,668,2,54.99,'2016-06-28 15:25:03',33881),(4889,695,3,10.99,'2015-06-28 15:25:03',33427),(4890,706,1,11.99,'2018-09-13 15:25:03',33834),(4891,727,3,49.99,'2017-04-24 15:25:03',33416),(4892,737,4,29.99,'2016-08-23 15:25:03',33766),(4893,765,4,11.99,'2017-02-08 15:25:03',32802),(4894,777,1,44.99,'2015-04-06 15:25:03',33771),(4895,783,3,59.99,'2016-03-09 15:25:03',33443),(4896,821,3,49.99,'2018-11-12 15:25:03',33793),(4897,839,2,34.99,'2018-11-16 15:25:03',33865),(4898,845,4,54.99,'2015-03-25 15:25:03',33795),(4899,857,2,500.00,'2016-09-01 15:25:03',32921),(4900,863,3,11.99,'2017-06-09 15:25:03',33736),(4901,875,3,14.99,'2018-07-25 15:25:03',32924),(4902,881,2,49.99,'2016-03-09 15:25:03',33848),(4903,2,2,1600.00,'2015-06-04 15:26:15',33059),(4904,23,2,400.00,'2018-08-17 15:26:15',33430),(4905,68,1,13.99,'2017-11-04 15:26:15',32809),(4906,97,2,14.99,'2015-06-23 15:26:15',33751),(4907,113,2,12.99,'2016-05-17 15:26:15',32798),(4909,157,3,11.99,'2016-05-20 15:26:15',32919),(4911,236,4,59.99,'2017-07-23 15:26:15',33768),(4912,254,2,44.99,'2015-03-23 15:26:15',33845),(4913,281,3,44.99,'2017-03-08 15:26:15',32922),(4914,328,4,54.99,'2017-05-03 15:26:15',33822),(4915,346,2,44.99,'2016-04-01 15:26:15',33802),(4916,376,4,54.99,'2017-10-03 15:26:15',32922),(4917,424,2,1.79,'2015-05-08 15:26:15',33788),(4918,439,4,14.99,'2016-07-22 15:26:15',33438),(4919,460,3,54.99,'2018-10-28 15:26:15',33410),(4920,470,3,59.99,'2015-06-30 15:26:15',33091),(4921,515,3,13.99,'2015-11-05 15:26:15',33797),(4922,547,2,44.99,'2018-04-14 15:26:15',33872),(4923,572,4,13.99,'2015-09-02 15:26:15',33823),(4924,610,1,49.99,'2017-11-16 15:26:15',33430),(4925,625,3,700.00,'2016-11-01 15:26:15',33444),(4926,646,2,14.99,'2017-07-24 15:26:15',33788),(4927,655,3,49.99,'2016-12-15 15:26:15',33449),(4928,676,3,1.79,'2015-03-06 15:26:15',32801),(4929,694,1,13.99,'2015-02-28 15:26:15',33071),(4930,715,1,54.99,'2018-07-16 15:26:15',32810),(4931,725,3,49.99,'2018-12-04 15:26:15',33442),(4932,758,2,10.99,'2016-05-11 15:26:15',33877),(4933,770,1,59.99,'2016-03-03 15:26:15',33072),(4935,832,1,10.99,'2018-06-11 15:26:15',33766),(4936,838,2,49.99,'2017-10-06 15:26:15',33087),(4937,850,1,12.99,'2016-10-19 15:26:15',33076),(4938,856,3,450.00,'2015-08-02 15:26:15',33437),(4940,886,3,149.99,'2016-07-20 15:26:15',33778),(4941,1,2,1400.00,'2017-01-13 15:26:16',33822),(4942,37,4,13.99,'2015-10-04 15:26:16',32806),(4943,53,3,11.99,'2018-09-26 15:26:16',33823),(4945,127,2,13.99,'2015-03-25 15:26:16',33757),(4946,139,3,10.99,'2018-06-27 15:26:16',33867),(4947,184,2,11.99,'2017-06-01 15:26:16',33408),(4948,218,3,59.99,'2016-05-31 15:26:16',33068),(4949,233,1,59.99,'2016-02-18 15:26:16',33070),(4950,311,2,49.99,'2016-09-14 15:26:16',33782),(4951,326,4,59.99,'2015-11-17 15:26:16',32925),(4952,358,3,54.99,'2018-10-09 15:26:16',33822),(4953,373,2,54.99,'2018-08-05 15:26:16',33776),(4954,401,3,69.99,'2018-05-19 15:26:16',33450),(4955,422,2,1.79,'2018-06-13 15:26:16',33879),(4956,446,2,10.99,'2015-05-18 15:26:16',33063),(4957,458,1,12.99,'2019-01-10 15:26:16',33848),(4959,524,3,13.99,'2015-12-20 15:26:16',33862),(4960,535,3,49.99,'2016-11-09 15:26:16',33752),(4961,562,2,550.00,'2018-04-28 15:26:16',33444),(4962,598,3,11.99,'2016-04-19 15:26:16',33849),(4963,608,3,54.99,'2015-03-20 15:26:16',32919),(4964,632,4,14.99,'2017-02-05 15:26:16',33423),(4965,643,1,14.99,'2018-04-30 15:26:16',33754),(4966,664,2,44.99,'2018-07-26 15:26:16',33060),(4967,674,2,1.79,'2016-05-20 15:26:16',33088),(4968,713,2,14.99,'2017-11-15 15:26:16',33073),(4969,751,2,10.99,'2018-03-09 15:26:16',32934),(4970,763,4,49.99,'2019-02-12 15:26:16',33398),(4971,769,1,13.99,'2016-07-20 15:26:16',33861),(4972,781,3,10.99,'2018-09-22 15:26:16',33815),(4973,825,2,1.79,'2017-10-14 15:26:16',32805),(4974,831,2,10.99,'2018-12-31 15:26:16',33418),(4975,843,4,11.99,'2018-12-11 15:26:16',33070),(4976,849,4,10.99,'2017-04-21 15:26:16',33090),(4977,861,2,14.99,'2018-06-30 15:26:16',33827),(4978,867,2,59.99,'2017-04-29 15:26:16',33781),(4979,879,4,11.99,'2018-12-06 15:26:16',33762),(5226,64,2,13.99,'2017-06-14 15:25:00',33826),(5227,128,4,14.99,'2018-06-23 15:25:00',33425),(5228,158,3,11.99,'2018-02-22 15:25:00',33773),(5229,328,2,54.99,'2016-06-16 15:25:00',33419),(5230,361,2,59.99,'2017-03-05 15:25:00',33856),(5231,433,1,1.79,'2016-03-19 15:25:00',33788),(5232,457,2,11.99,'2017-10-16 15:25:00',32944),(5233,515,2,13.99,'2018-11-26 15:25:00',33866),(5234,538,2,54.99,'2017-02-20 15:25:00',33754),(5235,593,1,600.00,'2016-11-01 15:25:00',33433),(5236,617,1,44.99,'2017-05-14 15:25:00',33840),(5237,695,3,10.99,'2018-09-16 15:25:00',33759),(5238,740,3,1.79,'2017-05-10 15:25:00',33058),(5239,762,3,44.99,'2018-03-20 15:25:00',33741),(5241,853,3,54.99,'2017-04-20 15:25:00',33847),(5242,866,4,54.99,'2015-07-28 15:25:00',33293),(5243,58,4,14.99,'2015-10-11 15:25:02',33878),(5244,149,3,13.99,'2015-04-10 15:25:02',33420),(5245,218,3,59.99,'2017-08-28 15:25:02',33850),(5246,254,2,44.99,'2018-05-29 15:25:02',33797),(5247,316,4,54.99,'2017-01-11 15:25:02',33818),(5248,422,2,1.79,'2015-08-14 15:25:02',32925),(5249,449,1,13.99,'2016-12-03 15:25:02',32798),(5251,530,4,54.99,'2018-11-28 15:25:02',33087),(5252,583,3,49.99,'2016-06-04 15:25:02',32800),(5253,610,2,49.99,'2018-12-29 15:25:02',33753),(5254,659,3,59.99,'2019-02-25 15:25:02',33450),(5255,758,4,10.99,'2018-10-06 15:25:02',33876),(5256,784,1,49.99,'2018-10-29 15:25:02',33427),(5257,823,2,54.99,'2017-01-10 15:25:02',33793),(5258,849,2,10.99,'2017-10-07 15:25:02',33443),(5259,4,2,2200.00,'2017-08-29 15:25:03',33735),(5261,107,3,13.99,'2015-05-03 15:25:03',33839),(5262,139,3,10.99,'2016-07-17 15:25:03',33426),(5263,241,2,59.99,'2016-05-15 15:25:03',33057),(5264,307,3,49.99,'2019-03-04 15:25:03',33057),(5265,344,1,59.99,'2015-08-09 15:25:03',33815),(5266,409,4,1.79,'2015-12-24 15:25:03',33854),(5267,502,3,14.99,'2019-01-02 15:25:03',33302),(5268,575,2,44.99,'2015-03-05 15:25:03',33845),(5269,604,2,10.99,'2016-01-06 15:25:03',33799),(5270,652,2,44.99,'2018-11-21 15:25:03',33856),(5271,674,2,1.79,'2018-10-19 15:25:03',33837),(5272,727,2,49.99,'2015-11-15 15:25:03',33822),(5273,754,2,49.99,'2017-12-25 15:25:03',33745),(5274,819,2,10.99,'2016-04-30 15:25:03',33860),(5275,845,3,54.99,'2016-02-24 15:25:03',33068),(5276,858,2,13.99,'2017-02-01 15:25:03',33859),(5277,884,1,49.99,'2017-08-11 15:25:03',33785),(5278,34,2,11.99,'2018-01-19 15:25:03',33746),(5279,97,1,14.99,'2015-03-04 15:25:03',33880),(5280,131,4,13.99,'2018-09-24 15:25:03',33812),(5281,194,1,14.99,'2016-07-09 15:25:03',33405),(5282,232,2,54.99,'2015-04-22 15:25:03',33878),(5283,397,2,39.99,'2016-02-05 15:25:03',33748),(5284,436,3,1000.00,'2018-06-02 15:25:03',33801),(5285,481,1,1.79,'2019-02-01 15:25:03',33074),(5286,568,3,14.99,'2018-02-27 15:25:03',33808),(5287,596,2,11.99,'2017-12-21 15:25:03',33399),(5288,668,3,54.99,'2016-10-04 15:25:03',33410),(5289,719,4,54.99,'2016-10-19 15:25:03',33776),(5290,750,2,12.99,'2016-12-18 15:25:03',33817),(5291,776,4,49.99,'2017-02-24 15:25:03',32793),(5292,815,4,10.99,'2019-01-05 15:25:03',33773),(5293,854,2,49.99,'2018-06-01 15:25:03',33435),(5294,880,3,54.99,'2018-07-14 15:25:03',33447),(5295,23,3,400.00,'2017-09-07 15:25:03',33854),(5296,86,2,12.99,'2016-06-22 15:25:03',33809),(5297,184,3,11.99,'2015-08-23 15:25:03',33070),(5298,223,1,59.99,'2016-12-15 15:25:03',33762),(5299,284,3,54.99,'2019-01-13 15:25:03',33404),(5300,317,1,54.99,'2017-02-20 15:25:03',33778),(5301,424,3,1.79,'2017-02-05 15:25:03',33788),(5303,562,3,550.00,'2015-08-01 15:25:03',33760),(5304,638,4,10.99,'2017-06-27 15:25:03',33413),(5305,661,3,44.99,'2018-01-26 15:25:03',33423),(5306,713,4,14.99,'2015-10-04 15:25:03',33839),(5307,736,1,49.99,'2018-11-05 15:25:03',33849),(5308,772,4,13.99,'2015-12-29 15:25:03',33766),(5309,785,3,49.99,'2018-07-16 15:25:03',33437),(5310,837,4,44.99,'2018-05-15 15:25:03',33395),(5311,850,2,12.99,'2016-05-16 15:25:03',33426),(5312,76,4,10.99,'2016-12-15 15:26:15',33738),(5313,109,2,14.99,'2017-08-19 15:26:15',33062),(5314,173,4,13.99,'2017-10-31 15:26:15',33437),(5315,211,3,14.99,'2018-04-24 15:26:15',33292),(5316,311,2,49.99,'2017-01-11 15:26:15',33417),(5317,379,2,49.99,'2018-06-05 15:26:15',33811),(5318,412,3,1.79,'2017-04-24 15:26:15',33077),(5320,548,2,54.99,'2017-03-12 15:26:15',33813),(5321,577,1,44.99,'2017-03-30 15:26:15',33296),(5322,631,1,11.99,'2019-03-16 15:26:15',33399),(5323,706,2,11.99,'2016-03-14 15:26:15',33805),(5324,730,2,59.99,'2016-04-29 15:26:15',33412),(5325,768,4,10.99,'2015-07-05 15:26:15',33741),(5326,781,4,10.99,'2018-11-23 15:26:15',33780),(5327,833,3,44.99,'2017-04-06 15:26:15',33447),(5328,872,4,1500.00,'2018-07-04 15:26:15',33828),(5329,885,2,59.99,'2015-10-14 15:26:15',33304),(5330,164,2,14.99,'2016-12-02 15:26:16',33417),(5331,197,3,13.99,'2018-07-07 15:26:16',33792),(5332,269,2,44.99,'2018-09-27 15:26:16',33786),(5333,298,2,44.99,'2015-09-02 15:26:16',33302),(5334,367,1,44.99,'2017-01-14 15:26:16',32939),(5335,398,1,29.99,'2015-04-24 15:26:16',33078),(5336,460,3,54.99,'2015-10-24 15:26:16',33815),(5337,482,2,1.79,'2016-10-27 15:26:16',33864),(5338,569,1,12.99,'2016-02-16 15:26:16',33792),(5339,625,2,700.00,'2015-12-24 15:26:16',33750),(5340,647,3,10.99,'2018-11-18 15:26:16',33774),(5341,698,2,12.99,'2017-05-24 15:26:16',33804),(5342,764,3,1.79,'2016-08-27 15:26:16',33423),(5343,777,3,44.99,'2016-09-27 15:26:16',32800),(5344,829,3,11.99,'2016-11-24 15:26:16',33058),(5345,842,4,10.99,'2016-12-02 15:26:16',33065),(5346,868,3,44.99,'2016-12-22 15:26:16',33747),(5347,881,1,49.99,'2017-08-01 15:26:16',32811),(5353,750,3,12.99,'2017-02-11 15:29:26',32807),(5354,753,5,49.99,'2017-09-09 15:29:26',33823),(5355,756,2,1.79,'2017-03-15 15:29:26',33855),(5356,759,2,10.99,'2019-02-17 15:29:26',33417),(5357,762,6,44.99,'2019-02-03 15:29:26',33093),(5358,765,5,11.99,'2017-06-09 15:29:26',32937),(5359,768,1,10.99,'2015-02-20 15:29:26',33800),(5360,771,6,59.99,'2019-03-11 15:29:26',33802),(5361,774,5,13.99,'2018-04-11 15:29:26',32793),(5362,777,2,44.99,'2017-11-03 15:29:26',33800),(5363,780,1,11.99,'2017-10-18 15:29:26',32927),(5364,783,4,59.99,'2016-10-02 15:29:26',33859),(5365,786,4,1.79,'2017-11-13 15:29:26',33740),(5367,816,3,10.99,'2015-07-29 15:29:26',33780),(5368,819,4,10.99,'2015-05-07 15:29:26',33433),(5369,822,2,59.99,'2015-04-14 15:29:26',33750),(5370,825,3,1.79,'2016-01-31 15:29:26',33422),(5371,828,6,14.99,'2015-06-13 15:29:26',33751),(5372,831,1,10.99,'2016-09-06 15:29:26',33301),(5373,834,6,54.99,'2017-03-04 15:29:26',33805),(5374,837,6,44.99,'2015-05-08 15:29:26',33848),(5375,840,1,1.79,'2017-05-10 15:29:26',33861),(5376,843,2,11.99,'2018-07-07 15:29:26',33063),(5377,846,4,49.99,'2018-05-04 15:29:26',33092),(5378,849,4,10.99,'2016-11-16 15:29:26',33812),(5379,852,4,12.99,'2015-05-07 15:29:26',33074),(5380,855,2,1.79,'2015-11-09 15:29:26',33865),(5381,858,5,13.99,'2018-10-06 15:29:26',33738),(5382,861,4,14.99,'2016-01-11 15:29:26',33412),(5383,864,5,44.99,'2015-12-04 15:29:26',33797),(5384,867,2,59.99,'2018-01-24 15:29:26',33763),(5385,870,1,1.79,'2018-07-27 15:29:26',32934),(5386,873,6,14.99,'2017-02-14 15:29:26',33303),(5387,876,2,11.99,'2017-12-05 15:29:26',33790),(5388,879,1,11.99,'2017-07-15 15:29:26',32813),(5389,882,6,44.99,'2015-02-17 15:29:26',33871),(5390,885,4,59.99,'2018-02-18 15:29:26',33454);
UNLOCK TABLES;
